Workbook

Sheet 안내
A1: 항목 | B1: 설명
A2: 이 파일 | B2: 여유로 서울 1~9호선 벡터 노선도 좌표의 기본 파일(source of truth). 2026-10 v2.6 에서 처음부터 다시 정리.
A3: 좌표계 | B3: 캔버스 5120 × 2880 px, 원점 왼쪽 위, y 는 아래로 증가. pct 는 px 에서 계산한 값(수식 아님).
A4: 핵심 원칙 | B4: 사용자 선택 = station_key / 지도 그리기 = visual_node_id / 경로 계산 = station_uid (9호선은 9L·9X). 세 계층을 섞지 않는다.
A5: Lines | B5: 노선 목록·색·범위. 색을 바꾸려면 여기와 가져오기 스크립트의 LINE_COLORS 를 같이 바꾼다.
A6: Station_Display_Master | B6: 역 단위 목록 270개. 사용자가 고르는 역. candidate_station_uids 는 가져오기 스크립트가 채운다.
A7: Station_Visual_Nodes | B7: 노선별 역 점 좌표 315개 (1→9호선, 노선 순서). 환승역은 노선마다 점이 따로 있고, 같은 역의 점은 겹쳐도 된다.
A8: Line_Sequences | B8: 노선을 그리는 순서. visual_node_id 를 path_order 대로 잇는다.
A9: Transfer_Links | B9: 환승역 안에서 노선별 점을 잇는 회색 연결선 (보이는 선일 뿐, 환승 시간 계산과 무관).
A10: Station_Click_Areas | B10: 클릭 판정용 투명 원. 역당 1개.
A11: Station_Labels | B11: 역명 위치. 역당 1개. 겹치면 label_x_px / label_y_px 만 고친다.
A12: 수정 방법 | B12: 좌표를 고치면 x_px, y_px 만 바꾼다 (pct 는 가져오기 때 다시 계산됨). 새 역을 넣으면 Visual_Nodes·Line_Sequences·Display_Master·Click·Labels 에 같이 넣는다.
... A16: 실시간 연동 (v2.6) | B16: 노란 칸만 고친다. Station_Visual_Nodes 의 x_px·y_px 를 고치면 역명·클릭 위치(회색, 수식)가 바로 따라온다. 역명만 옮기려면 Station_Labels 의 label_dx·label_dy(이동량)를 고친다. 다른 역과 좌표가 같은 행은 주황색으로 바로 표시된다. 미리보기: python scripts/v2/29_watch_map.py 를 켜 두면 저장할 때마다 브라우저 미리보기가 새로고침된다.

Sheet Config
A1: parameter | B1: value | C1: note
A2: image_width_px | B2: 5120 | C2: 원본/작업 기준 이미지 가로 픽셀. x_pct 계산 기준
A3: image_height_px | B3: 2880 | C3: 원본/작업 기준 이미지 세로 픽셀. y_pct 계산 기준
A4: default_general_marker_radius_px | B4: 10 | C4: 지도에 보이는 일반역 원 반경
A5: default_transfer_marker_radius_px | B5: 12 | C5: 지도에 보이는 환승역 visual node 반경
A6: default_general_click_radius_px | B6: 24 | C6: 일반역 클릭 hitbox 반경
A7: default_transfer_click_radius_px | B7: 48 | C7: 2개 노선 환승역 클릭 hitbox 반경
A8: default_complex_transfer_click_radius_px | B8: 56 | C8: 3개 이상 노선 환승역 클릭 hitbox 반경
A9: coordinate_origin | B9: top-left | C9: 좌표 원점은 이미지 좌상단
A10: coordinate_unit | B10: pixel | C10: x_px, y_px는 픽셀 기준. x_pct, y_pct는 자동 계산
A11: final_render_target | B11: SVG or Plotly vector map | C11: PNG 배경이 아니라 좌표 기반 벡터 렌더링에도 사용 가능

Sheet Lines
A1: line_id | B1: line_name | C1: color | D1: project_range | E1: branch_codes | F1: note
A2: 1 | B2: 1호선 | C2: #0052A4 | D2: 서울역~청량리 | E2: main | F2: 서울교통공사 구간
A3: 2 | B3: 2호선 | C3: #009D3E | D3: 순환선 전 구간 + 성수지선 + 신정지선 | E3: main; seongsu_branch; sinjeong_branch | F3: 순환선은 렌더링 시 마지막→처음 연결
A4: 3 | B4: 3호선 | C4: #EF7C1C | D4: 지축~오금 | E4: main
A5: 4 | B5: 4호선 | C5: #00A5DE | D5: 불암산~남태령 | E5: main
A6: 5 | B6: 5호선 | C6: #996CAC | D6: 방화~하남검단산, 강동~마천 | E6: common; hanam_branch; macheon_branch | F6: 강동에서 분기
A7: 6 | B7: 6호선 | C7: #CD7C2F | D7: 응암~신내 (응암순환 포함) | E7: main | F7: 응암순환은 단방향
A8: 7 | B8: 7호선 | C8: #747F00 | D8: 장암~온수 | E8: main
A9: 8 | B9: 8호선 | C9: #E6186C | D9: 암사역사공원~모란 | E9: main
A10: 9 | B10: 9호선 | C10: #BDB092 | D10: 개화~중앙보훈병원 | E10: main | F10: 노선도는 한 줄. 일반/급행 구분은 경로 계산(9L/9X)에서만 사용

Sheet Station_Display_Master
A1: station_no | B1: station_key | C1: station_name | D1: display_name | E1: available_lines | F1: candidate_station_uids | G1: project_branches | H1: is_transfer_station | I1: is_event_station | J1: alias_or_note | K1: memo
A2: 1 | B2: 서울역 | C2: 서울역 | D2: 서울역 | E2: 1,4 | G2: 1:main;4:main | H2: TRUE | I2: FALSE
A3: 2 | B3: 시청 | C3: 시청 | D3: 시청역 | E3: 1,2 | G3: 1:main;2:main | H3: TRUE | I3: TRUE
A4: 3 | B4: 종각 | C4: 종각 | D4: 종각역 | E4: 1 | G4: 1:main | H4: FALSE | I4: TRUE
A5: 4 | B5: 종로3가 | C5: 종로3가 | D5: 종로3가역 | E5: 1,3,5 | G5: 1:main;3:main;5:common | H5: TRUE | I5: FALSE
A6: 5 | B6: 종로5가 | C6: 종로5가 | D6: 종로5가역 | E6: 1 | G6: 1:main | H6: FALSE | I6: FALSE
A7: 6 | B7: 동대문 | C7: 동대문 | D7: 동대문역 | E7: 1,4 | G7: 1:main;4:main | H7: TRUE | I7: FALSE
A8: 7 | B8: 동묘앞 | C8: 동묘앞 | D8: 동묘앞역 | E8: 1,6 | G8: 1:main;6:main | H8: TRUE | I8: FALSE
A9: 8 | B9: 신설동 | C9: 신설동 | D9: 신설동역 | E9: 1,2 | G9: 1:main;2:seongsu_branch | H9: TRUE | I9: FALSE
A10: 9 | B10: 제기동 | C10: 제기동 | D10: 제기동역 | E10: 1 | G10: 1:main | H10: FALSE | I10: FALSE
A11: 10 | B11: 청량리 | C11: 청량리 | D11: 청량리역 | E11: 1 | G11: 1:main | H11: FALSE | I11: FALSE | J11: 청량리(서울시립대입구)
A12: 11 | B12: 을지로입구 | C12: 을지로입구 | D12: 을지로입구역 | E12: 2 | G12: 2:main | H12: FALSE | I12: FALSE
A13: 12 | B13: 을지로3가 | C13: 을지로3가 | D13: 을지로3가역 | E13: 2,3 | G13: 2:main;3:main | H13: TRUE | I13: FALSE
A14: 13 | B14: 을지로4가 | C14: 을지로4가 | D14: 을지로4가역 | E14: 2,5 | G14: 2:main;5:common | H14: TRUE | I14: FALSE
A15: 14 | B15: 동대문역사문화공원 | C15: 동대문역사문화공원 | D15: 동대문역사문화공원역 | E15: 2,4,5 | G15: 2:main;4:main;5:common | H15: TRUE | I15: FALSE | J15: 동대문역사문화공원(DDP)
A16: 15 | B16: 신당 | C16: 신당 | D16: 신당역 | E16: 2,6 | G16: 2:main;6:main | H16: TRUE | I16: FALSE
A17: 16 | B17: 상왕십리 | C17: 상왕십리 | D17: 상왕십리역 | E17: 2 | G17: 2:main | H17: FALSE | I17: FALSE
A18: 17 | B18: 왕십리 | C18: 왕십리 | D18: 왕십리역 | E18: 2,5 | G18: 2:main;5:common | H18: TRUE | I18: FALSE
A19: 18 | B19: 한양대 | C19: 한양대 | D19: 한양대역 | E19: 2 | G19: 2:main | H19: FALSE | I19: TRUE
A20: 19 | B20: 뚝섬 | C20: 뚝섬 | D20: 뚝섬역 | E20: 2 | G20: 2:main | H20: FALSE | I20: FALSE
A21: 20 | B21: 성수 | C21: 성수 | D21: 성수역 | E21: 2 | G21: 2:main;2:seongsu_branch | H21: FALSE | I21: FALSE
A22: 21 | B22: 건대입구 | C22: 건대입구 | D22: 건대입구역 | E22: 2,7 | G22: 2:main;7:main | H22: TRUE | I22: TRUE
A23: 22 | B23: 구의 | C23: 구의 | D23: 구의역 | E23: 2 | G23: 2:main | H23: FALSE | I23: FALSE
A24: 23 | B24: 강변 | C24: 강변 | D24: 강변역 | E24: 2 | G24: 2:main | H24: FALSE | I24: FALSE
A25: 24 | B25: 잠실나루 | C25: 잠실나루 | D25: 잠실나루역 | E25: 2 | G25: 2:main | H25: FALSE | I25: FALSE
A26: 25 | B26: 잠실 | C26: 잠실 | D26: 잠실역 | E26: 2,8 | G26: 2:main;8:main | H26: TRUE | I26: FALSE
A27: 26 | B27: 잠실새내 | C27: 잠실새내 | D27: 잠실새내역 | E27: 2 | G27: 2:main | H27: FALSE | I27: FALSE
... A68: 67 | B68: 독립문 | C68: 독립문 | D68: 독립문역 | E68: 3 | G68: 3:main | H68: FALSE | I68: FALSE
A69: 68 | B69: 경복궁 | C69: 경복궁 | D69: 경복궁역 | E69: 3 | G69: 3:main | H69: FALSE | I69: TRUE | J69: 경복궁(정부서울청사)
A70: 69 | B70: 안국 | C70: 안국 | D70: 안국역 | E70: 3 | G70: 3:main | H70: FALSE | I70: FALSE
A71: 70 | B71: 충무로 | C71: 충무로 | D71: 충무로역 | E71: 3,4 | G71: 3:main;4:main | H71: TRUE | I71: FALSE
A72: 71 | B72: 동대입구 | C72: 동대입구 | D72: 동대입구역 | E72: 3 | G72: 3:main | H72: FALSE | I72: TRUE
A73: 72 | B73: 약수 | C73: 약수 | D73: 약수역 | E73: 3,6 | G73: 3:main;6:main | H73: TRUE | I73: FALSE
A74: 73 | B74: 금호 | C74: 금호 | D74: 금호역 | E74: 3 | G74: 3:main | H74: FALSE | I74: FALSE
A75: 74 | B75: 옥수 | C75: 옥수 | D75: 옥수역 | E75: 3 | G75: 3:main | H75: FALSE | I75: FALSE
A76: 75 | B76: 압구정 | C76: 압구정 | D76: 압구정역 | E76: 3 | G76: 3:main | H76: FALSE | I76: FALSE
A77: 76 | B77: 신사 | C77: 신사 | D77: 신사역 | E77: 3 | G77: 3:main | H77: FALSE | I77: FALSE
A78: 77 | B78: 잠원 | C78: 잠원 | D78: 잠원역 | E78: 3 | G78: 3:main | H78: FALSE | I78: FALSE
A79: 78 | B79: 고속터미널 | C79: 고속터미널 | D79: 고속터미널역 | E79: 3,7,9 | G79: 3:main;7:main;9:main | H79: TRUE | I79: FALSE
A80: 79 | B80: 남부터미널 | C80: 남부터미널 | D80: 남부터미널역 | E80: 3 | G80: 3:main | H80: FALSE | I80: FALSE
A81: 80 | B81: 양재 | C81: 양재 | D81: 양재역 | E81: 3 | G81: 3:main | H81: FALSE | I81: FALSE
... A91: 90 | B91: 오금 | C91: 오금 | D91: 오금역 | E91: 3,5 | G91: 3:main;5:macheon_branch | H91: TRUE | I91: FALSE
A92: 91 | B92: 불암산 | C92: 불암산 | D92: 불암산역 | E92: 4 | G92: 4:main | H92: FALSE | I92: FALSE | J92: 당고개
A93: 92 | B93: 상계 | C93: 상계 | D93: 상계역 | E93: 4 | G93: 4:main | H93: FALSE | I93: FALSE
A94: 93 | B94: 노원 | C94: 노원 | D94: 노원역 | E94: 4,7 | G94: 4:main;7:main | H94: TRUE | I94: FALSE
A95: 94 | B95: 창동 | C95: 창동 | D95: 창동역 | E95: 4 | G95: 4:main | H95: FALSE | I95: FALSE
A96: 95 | B96: 쌍문 | C96: 쌍문 | D96: 쌍문역 | E96: 4 | G96: 4:main | H96: FALSE | I96: FALSE
A97: 96 | B97: 수유 | C97: 수유 | D97: 수유역 | E97: 4 | G97: 4:main | H97: FALSE | I97: FALSE
A98: 97 | B98: 미아 | C98: 미아 | D98: 미아역 | E98: 4 | G98: 4:main | H98: FALSE | I98: FALSE
A99: 98 | B99: 미아사거리 | C99: 미아사거리 | D99: 미아사거리역 | E99: 4 | G99: 4:main | H99: FALSE | I99: FALSE
A100: 99 | B100: 길음 | C100: 길음 | D100: 길음역 | E100: 4 | G100: 4:main | H100: FALSE | I100: FALSE
A101: 100 | B101: 성신여대입구 | C101: 성신여대입구 | D101: 성신여대입구역 | E101: 4 | G101: 4:main | H101: FALSE | I101: FALSE
A102: 101 | B102: 한성대입구 | C102: 한성대입구 | D102: 한성대입구역 | E102: 4 | G102: 4:main | H102: FALSE | I102: FALSE
A103: 102 | B103: 혜화 | C103: 혜화 | D103: 혜화역 | E103: 4 | G103: 4:main | H103: FALSE | I103: TRUE
A104: 103 | B104: 명동 | C104: 명동 | D104: 명동역 | E104: 4 | G104: 4:main | H104: FALSE | I104: FALSE
A105: 104 | B105: 회현 | C105: 회현 | D105: 회현역 | E105: 4 | G105: 4:main | H105: FALSE | I105: FALSE
A106: 105 | B106: 숙대입구 | C106: 숙대입구 | D106: 숙대입구역 | E106: 4 | G106: 4:main | H106: FALSE | I106: TRUE | J106: 숙대입구(갈월)
A107: 106 | B107: 삼각지 | C107: 삼각지 | D107: 삼각지역 | E107: 4,6 | G107: 4:main;6:main | H107: TRUE | I107: FALSE
A108: 107 | B108: 신용산 | C108: 신용산 | D108: 신용산역 | E108: 4 | G108: 4:main | H108: FALSE | I108: FALSE
A109: 108 | B109: 이촌 | C109: 이촌 | D109: 이촌역 | E109: 4 | G109: 4:main | H109: FALSE | I109: FALSE
A110: 109 | B110: 동작 | C110: 동작 | D110: 동작역 | E110: 4,9 | G110: 4:main;9:main | H110: TRUE | I110: FALSE
A111: 110 | B111: 이수 | C111: 이수 | D111: 이수역 | E111: 4,7 | G111: 4:main;7:main | H111: TRUE | I111: FALSE | J111: 총신대입구(이수)
A112: 111 | B112: 남태령 | C112: 남태령 | D112: 남태령역 | E112: 4 | G112: 4:main | H112: FALSE | I112: FALSE
A113: 112 | B113: 방화 | C113: 방화 | D113: 방화역 | E113: 5 | G113: 5:common | H113: FALSE | I113: FALSE
A114: 113 | B114: 개화산 | C114: 개화산 | D114: 개화산역 | E114: 5 | G114: 5:common | H114: FALSE | I114: FALSE
A115: 114 | B115: 김포공항 | C115: 김포공항 | D115: 김포공항역 | E115: 5,9 | G115: 5:common;9:main | H115: TRUE | I115: FALSE
A116: 115 | B116: 송정 | C116: 송정 | D116: 송정역 | E116: 5 | G116: 5:common | H116: FALSE | I116: FALSE
A117: 116 | B117: 마곡 | C117: 마곡 | D117: 마곡역 | E117: 5 | G117: 5:common | H117: FALSE | I117: FALSE
A118: 117 | B118: 발산 | C118: 발산 | D118: 발산역 | E118: 5 | G118: 5:common | H118: FALSE | I118: FALSE
A119: 118 | B119: 우장산 | C119: 우장산 | D119: 우장산역 | E119: 5 | G119: 5:common | H119: FALSE | I119: FALSE
A120: 119 | B120: 화곡 | C120: 화곡 | D120: 화곡역 | E120: 5 | G120: 5:common | H120: FALSE | I120: FALSE
A121: 120 | B121: 신정 | C121: 신정 | D121: 신정역 | E121: 5 | G121: 5:common | H121: FALSE | I121: FALSE
A122: 121 | B122: 목동 | C122: 목동 | D122: 목동역 | E122: 5 | G122: 5:common | H122: FALSE | I122: FALSE
A123: 122 | B123: 오목교 | C123: 오목교 | D123: 오목교역 | E123: 5 | G123: 5:common | H123: FALSE | I123: FALSE
... A132: 131 | B132: 서대문 | C132: 서대문 | D132: 서대문역 | E132: 5 | G132: 5:common | H132: FALSE | I132: FALSE
A133: 132 | B133: 광화문 | C133: 광화문 | D133: 광화문역 | E133: 5 | G133: 5:common | H133: FALSE | I133: TRUE | J133: 광화문(세종문화회관)
A134: 133 | B134: 청구 | C134: 청구 | D134: 청구역 | E134: 5,6 | G134: 5:common;6:main | H134: TRUE | I134: FALSE
A135: 134 | B135: 신금호 | C135: 신금호 | D135: 신금호역 | E135: 5 | G135: 5:common | H135: FALSE | I135: FALSE
A136: 135 | B136: 행당 | C136: 행당 | D136: 행당역 | E136: 5 | G136: 5:common | H136: FALSE | I136: FALSE
A137: 136 | B137: 마장 | C137: 마장 | D137: 마장역 | E137: 5 | G137: 5:common | H137: FALSE | I137: FALSE
A138: 137 | B138: 답십리 | C138: 답십리 | D138: 답십리역 | E138: 5 | G138: 5:common | H138: FALSE | I138: FALSE
A139: 138 | B139: 장한평 | C139: 장한평 | D139: 장한평역 | E139: 5 | G139: 5:common | H139: FALSE | I139: FALSE
A140: 139 | B140: 군자 | C140: 군자 | D140: 군자역 | E140: 5,7 | G140: 5:common;7:main | H140: TRUE | I140: FALSE
A141: 140 | B141: 아차산 | C141: 아차산 | D141: 아차산역 | E141: 5 | G141: 5:common | H141: FALSE | I141: FALSE
A142: 141 | B142: 광나루 | C142: 광나루 | D142: 광나루역 | E142: 5 | G142: 5:common | H142: FALSE | I142: TRUE
A143: 142 | B143: 천호 | C143: 천호 | D143: 천호역 | E143: 5,8 | G143: 5:common;8:main | H143: TRUE | I143: FALSE
A144: 143 | B144: 강동 | C144: 강동 | D144: 강동역 | E144: 5 | G144: 5:common;5:hanam_branch;5:macheon_branch | H144: FALSE | I144: FALSE
A145: 144 | B145: 길동 | C145: 길동 | D145: 길동역 | E145: 5 | G145: 5:hanam_branch | H145: FALSE | I145: FALSE
... A152: 151 | B152: 하남풍산 | C152: 하남풍산 | D152: 하남풍산역 | E152: 5 | G152: 5:hanam_branch | H152: FALSE | I152: FALSE
A153: 152 | B153: 하남시청 | C153: 하남시청 | D153: 하남시청역 | E153: 5 | G153: 5:hanam_branch | H153: FALSE | I153: FALSE | J153: 하남시청(덕풍·신장)
A154: 153 | B154: 하남검단산 | C154: 하남검단산 | D154: 하남검단산역 | E154: 5 | G154: 5:hanam_branch | H154: FALSE | I154: FALSE
A155: 154 | B155: 둔촌동 | C155: 둔촌동 | D155: 둔촌동역 | E155: 5 | G155: 5:macheon_branch | H155: FALSE | I155: FALSE
A156: 155 | B156: 올림픽공원 | C156: 올림픽공원 | D156: 올림픽공원역 | E156: 5,9 | G156: 5:macheon_branch;9:main | H156: TRUE | I156: TRUE
A157: 156 | B157: 방이 | C157: 방이 | D157: 방이역 | E157: 5 | G157: 5:macheon_branch | H157: FALSE | I157: FALSE
A158: 157 | B158: 개롱 | C158: 개롱 | D158: 개롱역 | E158: 5 | G158: 5:macheon_branch | H158: FALSE | I158: FALSE
A159: 158 | B159: 거여 | C159: 거여 | D159: 거여역 | E159: 5 | G159: 5:macheon_branch | H159: FALSE | I159: FALSE
A160: 159 | B160: 마천 | C160: 마천 | D160: 마천역 | E160: 5 | G160: 5:macheon_branch | H160: FALSE | I160: FALSE
A161: 160 | B161: 응암 | C161: 응암 | D161: 응암역 | E161: 6 | G161: 6:main | H161: FALSE | I161: FALSE
A162: 161 | B162: 역촌 | C162: 역촌 | D162: 역촌역 | E162: 6 | G162: 6:main | H162: FALSE | I162: FALSE
A163: 162 | B163: 독바위 | C163: 독바위 | D163: 독바위역 | E163: 6 | G163: 6:main | H163: FALSE | I163: FALSE
...

Sheet Station_Visual_Nodes
A1: mark_status | B1: visual_node_no | C1: visual_node_id | D1: station_key | E1: station_name | F1: display_name | G1: line_id | H1: branch_codes | I1: x_px | J1: y_px | K1: x_pct | L1: y_pct | M1: marker_radius_px | N1: is_transfer_station | O1: is_branch_node | P1: label_owner | Q1: alias_or_note | R1: memo
A2: 완료 | B2: 1 | C2: 서울역_L1 | D2: 서울역 | E2: 서울역 | F2: 서울역 | G2: 1 | H2: main | I2: 1916 | J2: 1308 | K2: =I2/5120*100 | L2: =J2/2880*100 | M2: 12 | N2: TRUE | O2: TRUE | P2: TRUE
A3: 완료 | B3: 2 | C3: 시청_L1 | D3: 시청 | E3: 시청 | F3: 시청역 | G3: 1 | H3: main | I3: 1916 | J3: 1144 | K3: =I3/5120*100 | L3: =J3/2880*100 | M3: 12 | N3: TRUE | O3: FALSE | P3: TRUE
A4: 완료 | B4: 3 | C4: 종각_L1 | D4: 종각 | E4: 종각 | F4: 종각역 | G4: 1 | H4: main | I4: 1916 | J4: 1048 | K4: =I4/5120*100 | L4: =J4/2880*100 | M4: 10 | N4: FALSE | O4: FALSE | P4: TRUE
A5: 완료 | B5: 4 | C5: 종로3가_L1 | D5: 종로3가 | E5: 종로3가 | F5: 종로3가역 | G5: 1 | H5: main | I5: 2084 | J5: 980 | K5: =I5/5120*100 | L5: =J5/2880*100 | M5: 12 | N5: TRUE | O5: FALSE | P5: TRUE
A6: 완료 | B6: 5 | C6: 종로5가_L1 | D6: 종로5가 | E6: 종로5가 | F6: 종로5가역 | G6: 1 | H6: main | I6: 2206 | J6: 980 | K6: =I6/5120*100 | L6: =J6/2880*100 | M6: 10 | N6: FALSE | O6: FALSE | P6: TRUE
A7: 완료 | B7: 6 | C7: 동대문_L1 | D7: 동대문 | E7: 동대문 | F7: 동대문역 | G7: 1 | H7: main | I7: 2328 | J7: 980 | K7: =I7/5120*100 | L7: =J7/2880*100 | M7: 12 | N7: TRUE | O7: FALSE | P7: TRUE
A8: 완료 | B8: 7 | C8: 동묘앞_L1 | D8: 동묘앞 | E8: 동묘앞 | F8: 동묘앞역 | G8: 1 | H8: main | I8: 2528 | J8: 980 | K8: =I8/5120*100 | L8: =J8/2880*100 | M8: 12 | N8: TRUE | O8: FALSE | P8: TRUE
A9: 완료 | B9: 8 | C9: 신설동_L1 | D9: 신설동 | E9: 신설동 | F9: 신설동역 | G9: 1 | H9: main | I9: 2712 | J9: 980 | K9: =I9/5120*100 | L9: =J9/2880*100 | M9: 12 | N9: TRUE | O9: FALSE | P9: TRUE
A10: 완료 | B10: 9 | C10: 제기동_L1 | D10: 제기동 | E10: 제기동 | F10: 제기동역 | G10: 1 | H10: main | I10: 2888 | J10: 980 | K10: =I10/5120*100 | L10: =J10/2880*100 | M10: 10 | N10: FALSE | O10: FALSE | P10: TRUE
A11: 완료 | B11: 10 | C11: 청량리_L1 | D11: 청량리 | E11: 청량리 | F11: 청량리역 | G11: 1 | H11: main | I11: 3064 | J11: 980 | K11: =I11/5120*100 | L11: =J11/2880*100 | M11: 10 | N11: FALSE | O11: TRUE | P11: TRUE | Q11: 청량리(서울시립대입구)
A12: 완료 | B12: 11 | C12: 시청_L2 | D12: 시청 | E12: 시청 | F12: 시청역 | G12: 2 | H12: main | I12: 1916 | J12: 1144 | K12: =I12/5120*100 | L12: =J12/2880*100 | M12: 12 | N12: TRUE | O12: TRUE | P12: FALSE
A13: 완료 | B13: 12 | C13: 을지로입구_L2 | D13: 을지로입구 | E13: 을지로입구 | F13: 을지로입구역 | G13: 2 | H13: main | I13: 2000 | J13: 1144 | K13: =I13/5120*100 | L13: =J13/2880*100 | M13: 10 | N13: FALSE | O13: FALSE | P13: TRUE
A14: 완료 | B14: 13 | C14: 을지로3가_L2 | D14: 을지로3가 | E14: 을지로3가 | F14: 을지로3가역 | G14: 2 | H14: main | I14: 2084 | J14: 1144 | K14: =I14/5120*100 | L14: =J14/2880*100 | M14: 12 | N14: TRUE | O14: FALSE | P14: TRUE
A15: 완료 | B15: 14 | C15: 을지로4가_L2 | D15: 을지로4가 | E15: 을지로4가 | F15: 을지로4가역 | G15: 2 | H15: main | I15: 2206 | J15: 1144 | K15: =I15/5120*100 | L15: =J15/2880*100 | M15: 12 | N15: TRUE | O15: FALSE | P15: TRUE
A16: 완료 | B16: 15 | C16: 동대문역사문화공원_L2 | D16: 동대문역사문화공원 | E16: 동대문역사문화공원 | F16: 동대문역사문화공원역 | G16: 2 | H16: main | I16: 2328 | J16: 1144 | K16: =I16/5120*100 | L16: =J16/2880*100 | M16: 12 | N16: TRUE | O16: FALSE | P16: TRUE | Q16: 동대문역사문화공원(DDP)
A17: 완료 | B17: 16 | C17: 신당_L2 | D17: 신당 | E17: 신당 | F17: 신당역 | G17: 2 | H17: main | I17: 2528 | J17: 1144 | K17: =I17/5120*100 | L17: =J17/2880*100 | M17: 12 | N17: TRUE | O17: FALSE | P17: TRUE
A18: 완료 | B18: 17 | C18: 상왕십리_L2 | D18: 상왕십리 | E18: 상왕십리 | F18: 상왕십리역 | G18: 2 | H18: main | I18: 2628 | J18: 1144 | K18: =I18/5120*100 | L18: =J18/2880*100 | M18: 10 | N18: FALSE | O18: FALSE | P18: TRUE
A19: 완료 | B19: 18 | C19: 왕십리_L2 | D19: 왕십리 | E19: 왕십리 | F19: 왕십리역 | G19: 2 | H19: main | I19: 2740 | J19: 1144 | K19: =I19/5120*100 | L19: =J19/2880*100 | M19: 12 | N19: TRUE | O19: FALSE | P19: TRUE
A20: 완료 | B20: 19 | C20: 한양대_L2 | D20: 한양대 | E20: 한양대 | F20: 한양대역 | G20: 2 | H20: main | I20: 2816 | J20: 1208 | K20: =I20/5120*100 | L20: =J20/2880*100 | M20: 10 | N20: FALSE | O20: FALSE | P20: TRUE
A21: 완료 | B21: 20 | C21: 뚝섬_L2 | D21: 뚝섬 | E21: 뚝섬 | F21: 뚝섬역 | G21: 2 | H21: main | I21: 2896 | J21: 1272 | K21: =I21/5120*100 | L21: =J21/2880*100 | M21: 10 | N21: FALSE | O21: FALSE | P21: TRUE
A22: 완료 | B22: 21 | C22: 성수_L2 | D22: 성수 | E22: 성수 | F22: 성수역 | G22: 2 | H22: main;seongsu_branch | I22: 2972 | J22: 1336 | K22: =I22/5120*100 | L22: =J22/2880*100 | M22: 10 | N22: FALSE | O22: TRUE | P22: TRUE
A23: 완료 | B23: 22 | C23: 건대입구_L2 | D23: 건대입구 | E23: 건대입구 | F23: 건대입구역 | G23: 2 | H23: main | I23: 2972 | J23: 1468 | K23: =I23/5120*100 | L23: =J23/2880*100 | M23: 12 | N23: TRUE | O23: FALSE | P23: TRUE
A24: 완료 | B24: 23 | C24: 구의_L2 | D24: 구의 | E24: 구의 | F24: 구의역 | G24: 2 | H24: main | I24: 2972 | J24: 1552 | K24: =I24/5120*100 | L24: =J24/2880*100 | M24: 10 | N24: FALSE | O24: FALSE | P24: TRUE
A25: 완료 | B25: 24 | C25: 강변_L2 | D25: 강변 | E25: 강변 | F25: 강변역 | G25: 2 | H25: main | I25: 2972 | J25: 1628 | K25: =I25/5120*100 | L25: =J25/2880*100 | M25: 10 | N25: FALSE | O25: FALSE | P25: TRUE
A26: 완료 | B26: 25 | C26: 잠실나루_L2 | D26: 잠실나루 | E26: 잠실나루 | F26: 잠실나루역 | G26: 2 | H26: main | I26: 2972 | J26: 1708 | K26: =I26/5120*100 | L26: =J26/2880*100 | M26: 10 | N26: FALSE | O26: FALSE | P26: TRUE
A27: 완료 | B27: 26 | C27: 잠실_L2 | D27: 잠실 | E27: 잠실 | F27: 잠실역 | G27: 2 | H27: main | I27: 2972 | J27: 1800 | K27: =I27/5120*100 | L27: =J27/2880*100 | M27: 12 | N27: TRUE | O27: FALSE | P27: TRUE
A28: 완료 | B28: 27 | C28: 잠실새내_L2 | D28: 잠실새내 | E28: 잠실새내 | F28: 잠실새내역 | G28: 2 | H28: main | I28: 2972 | J28: 1882 | K28: =I28/5120*100 | L28: =J28/2880*100 | M28: 10 | N28: FALSE | O28: FALSE | P28: TRUE
A29: 완료 | B29: 28 | C29: 종합운동장_L2 | D29: 종합운동장 | E29: 종합운동장 | F29: 종합운동장역 | G29: 2 | H29: main | I29: 2972 | J29: 1964 | K29: =I29/5120*100 | L29: =J29/2880*100 | M29: 10 | N29: FALSE | O29: FALSE | P29: TRUE | R29: 다른 역(봉은사)과 좌표가 같음 — 확인 필요
A30: 완료 | B30: 29 | C30: 삼성_L2 | D30: 삼성 | E30: 삼성 | F30: 삼성역 | G30: 2 | H30: main | I30: 2874 | J30: 2040 | K30: =I30/5120*100 | L30: =J30/2880*100 | M30: 10 | N30: FALSE | O30: FALSE | P30: TRUE
A31: 완료 | B31: 30 | C31: 선릉_L2 | D31: 선릉 | E31: 선릉 | F31: 선릉역 | G31: 2 | H31: main | I31: 2776 | J31: 2116 | K31: =I31/5120*100 | L31: =J31/2880*100 | M31: 10 | N31: FALSE | O31: FALSE | P31: TRUE
A32: 완료 | B32: 31 | C32: 역삼_L2 | D32: 역삼 | E32: 역삼 | F32: 역삼역 | G32: 2 | H32: main | I32: 2696 | J32: 2116 | K32: =I32/5120*100 | L32: =J32/2880*100 | M32: 10 | N32: FALSE | O32: FALSE | P32: TRUE
A33: 완료 | B33: 32 | C33: 강남_L2 | D33: 강남 | E33: 강남 | F33: 강남역 | G33: 2 | H33: main | I33: 2616 | J33: 2116 | K33: =I33/5120*100 | L33: =J33/2880*100 | M33: 10 | N33: FALSE | O33: FALSE | P33: TRUE
A34: 완료 | B34: 33 | C34: 교대_L2 | D34: 교대 | E34: 교대 | F34: 교대역 | G34: 2 | H34: main | I34: 2480 | J34: 2116 | K34: =I34/5120*100 | L34: =J34/2880*100 | M34: 12 | N34: TRUE | O34: FALSE | P34: TRUE
A35: 완료 | B35: 34 | C35: 서초_L2 | D35: 서초 | E35: 서초 | F35: 서초역 | G35: 2 | H35: main | I35: 2384 | J35: 2116 | K35: =I35/5120*100 | L35: =J35/2880*100 | M35: 10 | N35: FALSE | O35: FALSE | P35: TRUE
A36: 완료 | B36: 35 | C36: 방배_L2 | D36: 방배 | E36: 방배 | F36: 방배역 | G36: 2 | H36: main | I36: 2296 | J36: 2116 | K36: =I36/5120*100 | L36: =J36/2880*100 | M36: 10 | N36: FALSE | O36: FALSE | P36: TRUE
A37: 완료 | B37: 36 | C37: 사당_L2 | D37: 사당 | E37: 사당 | F37: 사당역 | G37: 2 | H37: main | I37: 2200 | J37: 2116 | K37: =I37/5120*100 | L37: =J37/2880*100 | M37: 12 | N37: TRUE | O37: FALSE | P37: TRUE
A38: 완료 | B38: 37 | C38: 낙성대_L2 | D38: 낙성대 | E38: 낙성대 | F38: 낙성대역 | G38: 2 | H38: main | I38: 2092 | J38: 2116 | K38: =I38/5120*100 | L38: =J38/2880*100 | M38: 10 | N38: FALSE | O38: FALSE | P38: TRUE
A39: 완료 | B39: 38 | C39: 서울대입구_L2 | D39: 서울대입구 | E39: 서울대입구 | F39: 서울대입구역 | G39: 2 | H39: main | I39: 1984 | J39: 2116 | K39: =I39/5120*100 | L39: =J39/2880*100 | M39: 10 | N39: FALSE | O39: FALSE | P39: TRUE
A40: 완료 | B40: 39 | C40: 봉천_L2 | D40: 봉천 | E40: 봉천 | F40: 봉천역 | G40: 2 | H40: main | I40: 1876 | J40: 2116 | K40: =I40/5120*100 | L40: =J40/2880*100 | M40: 10 | N40: FALSE | O40: FALSE | P40: TRUE
A41: 완료 | B41: 40 | C41: 신림_L2 | D41: 신림 | E41: 신림 | F41: 신림역 | G41: 2 | H41: main | I41: 1768 | J41: 2116 | K41: =I41/5120*100 | L41: =J41/2880*100 | M41: 10 | N41: FALSE | O41: FALSE | P41: TRUE
... A70: 완료 | B70: 69 | C70: 독립문_L3 | D70: 독립문 | E70: 독립문 | F70: 독립문역 | G70: 3 | H70: main | I70: 2084 | J70: 488 | K70: =I70/5120*100 | L70: =J70/2880*100 | M70: 10 | N70: FALSE | O70: FALSE | P70: TRUE
A71: 완료 | B71: 70 | C71: 경복궁_L3 | D71: 경복궁 | E71: 경복궁 | F71: 경복궁역 | G71: 3 | H71: main | I71: 2084 | J71: 648 | K71: =I71/5120*100 | L71: =J71/2880*100 | M71: 10 | N71: FALSE | O71: FALSE | P71: TRUE | Q71: 경복궁(정부서울청사)
A72: 완료 | B72: 71 | C72: 안국_L3 | D72: 안국 | E72: 안국 | F72: 안국역 | G72: 3 | H72: main | I72: 2084 | J72: 808 | K72: =I72/5120*100 | L72: =J72/2880*100 | M72: 10 | N72: FALSE | O72: FALSE | P72: TRUE
A73: 완료 | B73: 72 | C73: 종로3가_L3 | D73: 종로3가 | E73: 종로3가 | F73: 종로3가역 | G73: 3 | H73: main | I73: 2084 | J73: 980 | K73: =I73/5120*100 | L73: =J73/2880*100 | M73: 12 | N73: TRUE | O73: FALSE | P73: FALSE
A74: 완료 | B74: 73 | C74: 을지로3가_L3 | D74: 을지로3가 | E74: 을지로3가 | F74: 을지로3가역 | G74: 3 | H74: main | I74: 2084 | J74: 1144 | K74: =I74/5120*100 | L74: =J74/2880*100 | M74: 12 | N74: TRUE | O74: FALSE | P74: FALSE
A75: 완료 | B75: 74 | C75: 충무로_L3 | D75: 충무로 | E75: 충무로 | F75: 충무로역 | G75: 3 | H75: main | I75: 2328 | J75: 1244 | K75: =I75/5120*100 | L75: =J75/2880*100 | M75: 12 | N75: TRUE | O75: FALSE | P75: TRUE
A76: 완료 | B76: 75 | C76: 동대입구_L3 | D76: 동대입구 | E76: 동대입구 | F76: 동대입구역 | G76: 3 | H76: main | I76: 2404 | J76: 1356 | K76: =I76/5120*100 | L76: =J76/2880*100 | M76: 10 | N76: FALSE | O76: FALSE | P76: TRUE
A77: 완료 | B77: 76 | C77: 약수_L3 | D77: 약수 | E77: 약수 | F77: 약수역 | G77: 3 | H77: main | I77: 2480 | J77: 1476 | K77: =I77/5120*100 | L77: =J77/2880*100 | M77: 12 | N77: TRUE | O77: FALSE | P77: TRUE
A78: 완료 | B78: 77 | C78: 금호_L3 | D78: 금호 | E78: 금호 | F78: 금호역 | G78: 3 | H78: main | I78: 2480 | J78: 1556 | K78: =I78/5120*100 | L78: =J78/2880*100 | M78: 10 | N78: FALSE | O78: FALSE | P78: TRUE
A79: 완료 | B79: 78 | C79: 옥수_L3 | D79: 옥수 | E79: 옥수 | F79: 옥수역 | G79: 3 | H79: main | I79: 2480 | J79: 1636 | K79: =I79/5120*100 | L79: =J79/2880*100 | M79: 10 | N79: FALSE | O79: FALSE | P79: TRUE
A80: 완료 | B80: 79 | C80: 압구정_L3 | D80: 압구정 | E80: 압구정 | F80: 압구정역 | G80: 3 | H80: main | I80: 2480 | J80: 1760 | K80: =I80/5120*100 | L80: =J80/2880*100 | M80: 10 | N80: FALSE | O80: FALSE | P80: TRUE
A81: 완료 | B81: 80 | C81: 신사_L3 | D81: 신사 | E81: 신사 | F81: 신사역 | G81: 3 | H81: main | I81: 2480 | J81: 1828 | K81: =I81/5120*100 | L81: =J81/2880*100 | M81: 10 | N81: FALSE | O81: FALSE | P81: TRUE
A82: 완료 | B82: 81 | C82: 잠원_L3 | D82: 잠원 | E82: 잠원 | F82: 잠원역 | G82: 3 | H82: main | I82: 2480 | J82: 1884 | K82: =I82/5120*100 | L82: =J82/2880*100 | M82: 10 | N82: FALSE | O82: FALSE | P82: TRUE
A83: 완료 | B83: 82 | C83: 고속터미널_L3 | D83: 고속터미널 | E83: 고속터미널 | F83: 고속터미널역 | G83: 3 | H83: main | I83: 2480 | J83: 1964 | K83: =I83/5120*100 | L83: =J83/2880*100 | M83: 12 | N83: TRUE | O83: FALSE | P83: TRUE
... A96: 완료 | B96: 95 | C96: 오금_L3 | D96: 오금 | E96: 오금 | F96: 오금역 | G96: 3 | H96: main | I96: 3862 | J96: 2140 | K96: =I96/5120*100 | L96: =J96/2880*100 | M96: 12 | N96: TRUE | O96: TRUE | P96: TRUE
A97: 완료 | B97: 96 | C97: 불암산_L4 | D97: 불암산 | E97: 불암산 | F97: 불암산역 | G97: 4 | H97: main | I97: 3744 | J97: 356 | K97: =I97/5120*100 | L97: =J97/2880*100 | M97: 10 | N97: FALSE | O97: TRUE | P97: TRUE | Q97: 당고개
A98: 완료 | B98: 97 | C98: 상계_L4 | D98: 상계 | E98: 상계 | F98: 상계역 | G98: 4 | H98: main | I98: 3604 | J98: 356 | K98: =I98/5120*100 | L98: =J98/2880*100 | M98: 10 | N98: FALSE | O98: FALSE | P98: TRUE
A99: 완료 | B99: 98 | C99: 노원_L4 | D99: 노원 | E99: 노원 | F99: 노원역 | G99: 4 | H99: main | I99: 3464 | J99: 356 | K99: =I99/5120*100 | L99: =J99/2880*100 | M99: 12 | N99: TRUE | O99: FALSE | P99: TRUE
A100: 완료 | B100: 99 | C100: 창동_L4 | D100: 창동 | E100: 창동 | F100: 창동역 | G100: 4 | H100: main | I100: 3324 | J100: 458 | K100: =I100/5120*100 | L100: =J100/2880*100 | M100: 10 | N100: FALSE | O100: FALSE | P100: TRUE
A101: 완료 | B101: 100 | C101: 쌍문_L4 | D101: 쌍문 | E101: 쌍문 | F101: 쌍문역 | G101: 4 | H101: main | I101: 3194 | J101: 554 | K101: =I101/5120*100 | L101: =J101/2880*100 | M101: 10 | N101: FALSE | O101: FALSE | P101: TRUE
A102: 완료 | B102: 101 | C102: 수유_L4 | D102: 수유 | E102: 수유 | F102: 수유역 | G102: 4 | H102: main | I102: 3064 | J102: 648 | K102: =I102/5120*100 | L102: =J102/2880*100 | M102: 10 | N102: FALSE | O102: FALSE | P102: TRUE
A103: 완료 | B103: 102 | C103: 미아_L4 | D103: 미아 | E103: 미아 | F103: 미아역 | G103: 4 | H103: main | I103: 2908 | J103: 648 | K103: =I103/5120*100 | L103: =J103/2880*100 | M103: 10 | N103: FALSE | O103: FALSE | P103: TRUE
A104: 완료 | B104: 103 | C104: 미아사거리_L4 | D104: 미아사거리 | E104: 미아사거리 | F104: 미아사거리역 | G104: 4 | H104: main | I104: 2752 | J104: 648 | K104: =I104/5120*100 | L104: =J104/2880*100 | M104: 10 | N104: FALSE | O104: FALSE | P104: TRUE
A105: 완료 | B105: 104 | C105: 길음_L4 | D105: 길음 | E105: 길음 | F105: 길음역 | G105: 4 | H105: main | I105: 2596 | J105: 648 | K105: =I105/5120*100 | L105: =J105/2880*100 | M105: 10 | N105: FALSE | O105: FALSE | P105: TRUE
A106: 완료 | B106: 105 | C106: 성신여대입구_L4 | D106: 성신여대입구 | E106: 성신여대입구 | F106: 성신여대입구역 | G106: 4 | H106: main | I106: 2440 | J106: 648 | K106: =I106/5120*100 | L106: =J106/2880*100 | M106: 10 | N106: FALSE | O106: FALSE | P106: TRUE
A107: 완료 | B107: 106 | C107: 한성대입구_L4 | D107: 한성대입구 | E107: 한성대입구 | F107: 한성대입구역 | G107: 4 | H107: main | I107: 2328 | J107: 772 | K107: =I107/5120*100 | L107: =J107/2880*100 | M107: 10 | N107: FALSE | O107: FALSE | P107: TRUE
A108: 완료 | B108: 107 | C108: 혜화_L4 | D108: 혜화 | E108: 혜화 | F108: 혜화역 | G108: 4 | H108: main | I108: 2328 | J108: 876 | K108: =I108/5120*100 | L108: =J108/2880*100 | M108: 10 | N108: FALSE | O108: FALSE | P108: TRUE
A109: 완료 | B109: 108 | C109: 동대문_L4 | D109: 동대문 | E109: 동대문 | F109: 동대문역 | G109: 4 | H109: main | I109: 2328 | J109: 980 | K109: =I109/5120*100 | L109: =J109/2880*100 | M109: 12 | N109: TRUE | O109: FALSE | P109: FALSE
A110: 완료 | B110: 109 | C110: 동대문역사문화공원_L4 | D110: 동대문역사문화공원 | E110: 동대문역사문화공원 | F110: 동대문역사문화공원역 | G110: 4 | H110: main | I110: 2328 | J110: 1144 | K110: =I110/5120*100 | L110: =J110/2880*100 | M110: 12 | N110: TRUE | O110: FALSE | P110: FALSE | Q110: 동대문역사문화공원(DDP)
A111: 완료 | B111: 110 | C111: 충무로_L4 | D111: 충무로 | E111: 충무로 | F111: 충무로역 | G111: 4 | H111: main | I111: 2328 | J111: 1244 | K111: =I111/5120*100 | L111: =J111/2880*100 | M111: 12 | N111: TRUE | O111: FALSE | P111: FALSE
A112: 완료 | B112: 111 | C112: 명동_L4 | D112: 명동 | E112: 명동 | F112: 명동역 | G112: 4 | H112: main | I112: 2192 | J112: 1308 | K112: =I112/5120*100 | L112: =J112/2880*100 | M112: 10 | N112: FALSE | O112: FALSE | P112: TRUE
A113: 완료 | B113: 112 | C113: 회현_L4 | D113: 회현 | E113: 회현 | F113: 회현역 | G113: 4 | H113: main | I113: 2076 | J113: 1308 | K113: =I113/5120*100 | L113: =J113/2880*100 | M113: 10 | N113: FALSE | O113: FALSE | P113: TRUE
A114: 완료 | B114: 113 | C114: 서울역_L4 | D114: 서울역 | E114: 서울역 | F114: 서울역 | G114: 4 | H114: main | I114: 1916 | J114: 1308 | K114: =I114/5120*100 | L114: =J114/2880*100 | M114: 12 | N114: TRUE | O114: FALSE | P114: FALSE
A115: 완료 | B115: 114 | C115: 숙대입구_L4 | D115: 숙대입구 | E115: 숙대입구 | F115: 숙대입구역 | G115: 4 | H115: main | I115: 1940 | J115: 1392 | K115: =I115/5120*100 | L115: =J115/2880*100 | M115: 10 | N115: FALSE | O115: FALSE | P115: TRUE | Q115: 숙대입구(갈월)
A116: 완료 | B116: 115 | C116: 삼각지_L4 | D116: 삼각지 | E116: 삼각지 | F116: 삼각지역 | G116: 4 | H116: main | I116: 1940 | J116: 1476 | K116: =I116/5120*100 | L116: =J116/2880*100 | M116: 12 | N116: TRUE | O116: FALSE | P116: TRUE
A117: 완료 | B117: 116 | C117: 신용산_L4 | D117: 신용산 | E117: 신용산 | F117: 신용산역 | G117: 4 | H117: main | I117: 2008 | J117: 1560 | K117: =I117/5120*100 | L117: =J117/2880*100 | M117: 10 | N117: FALSE | O117: FALSE | P117: TRUE
A118: 완료 | B118: 117 | C118: 이촌_L4 | D118: 이촌 | E118: 이촌 | F118: 이촌역 | G118: 4 | H118: main | I118: 2072 | J118: 1632 | K118: =I118/5120*100 | L118: =J118/2880*100 | M118: 10 | N118: FALSE | O118: FALSE | P118: TRUE
A119: 완료 | B119: 118 | C119: 동작_L4 | D119: 동작 | E119: 동작 | F119: 동작역 | G119: 4 | H119: main | I119: 2200 | J119: 1750 | K119: =I119/5120*100 | L119: =J119/2880*100 | M119: 10 | N119: FALSE | O119: FALSE | P119: TRUE | R119: 다른 역(흑석)과 좌표가 같음 — 확인 필요
A120: 완료 | B120: 119 | C120: 이수_L4 | D120: 이수 | E120: 이수 | F120: 이수역 | G120: 4 | H120: main | I120: 2200 | J120: 1964 | K120: =I120/5120*100 | L120: =J120/2880*100 | M120: 12 | N120: TRUE | O120: FALSE | P120: TRUE | Q120: 총신대입구(이수)
A121: 완료 | B121: 120 | C121: 사당_L4 | D121: 사당 | E121: 사당 | F121: 사당역 | G121: 4 | H121: main | I121: 2200 | J121: 2116 | K121: =I121/5120*100 | L121: =J121/2880*100 | M121: 12 | N121: TRUE | O121: FALSE | P121: FALSE
A122: 완료 | B122: 121 | C122: 남태령_L4 | D122: 남태령 | E122: 남태령 | F122: 남태령역 | G122: 4 | H122: main | I122: 2200 | J122: 2252 | K122: =I122/5120*100 | L122: =J122/2880*100 | M122: 10 | N122: FALSE | O122: TRUE | P122: TRUE
A123: 완료 | B123: 122 | C123: 방화_L5 | D123: 방화 | E123: 방화 | F123: 방화역 | G123: 5 | H123: common | I123: 788 | J123: 800 | K123: =I123/5120*100 | L123: =J123/2880*100 | M123: 10 | N123: FALSE | O123: TRUE | P123: TRUE
A124: 완료 | B124: 123 | C124: 개화산_L5 | D124: 개화산 | E124: 개화산 | F124: 개화산역 | G124: 5 | H124: common | I124: 788 | J124: 884 | K124: =I124/5120*100 | L124: =J124/2880*100 | M124: 10 | N124: FALSE | O124: FALSE | P124: TRUE
A125: 완료 | B125: 124 | C125: 김포공항_L5 | D125: 김포공항 | E125: 김포공항 | F125: 김포공항역 | G125: 5 | H125: common | I125: 788 | J125: 960 | K125: =I125/5120*100 | L125: =J125/2880*100 | M125: 10 | N125: FALSE | O125: FALSE | P125: TRUE
A126: 완료 | B126: 125 | C126: 송정_L5 | D126: 송정 | E126: 송정 | F126: 송정역 | G126: 5 | H126: common | I126: 828 | J126: 1066 | K126: =I126/5120*100 | L126: =J126/2880*100 | M126: 10 | N126: FALSE | O126: FALSE | P126: TRUE
A127: 완료 | B127: 126 | C127: 마곡_L5 | D127: 마곡 | E127: 마곡 | F127: 마곡역 | G127: 5 | H127: common | I127: 880 | J127: 1120 | K127: =I127/5120*100 | L127: =J127/2880*100 | M127: 10 | N127: FALSE | O127: FALSE | P127: TRUE
A128: 완료 | B128: 127 | C128: 발산_L5 | D128: 발산 | E128: 발산 | F128: 발산역 | G128: 5 | H128: common | I128: 938 | J128: 1176 | K128: =I128/5120*100 | L128: =J128/2880*100 | M128: 10 | N128: FALSE | O128: FALSE | P128: TRUE
A129: 완료 | B129: 128 | C129: 우장산_L5 | D129: 우장산 | E129: 우장산 | F129: 우장산역 | G129: 5 | H129: common | I129: 996 | J129: 1234 | K129: =I129/5120*100 | L129: =J129/2880*100 | M129: 10 | N129: FALSE | O129: FALSE | P129: TRUE
A130: 완료 | B130: 129 | C130: 화곡_L5 | D130: 화곡 | E130: 화곡 | F130: 화곡역 | G130: 5 | H130: common | I130: 1054 | J130: 1296 | K130: =I130/5120*100 | L130: =J130/2880*100 | M130: 10 | N130: FALSE | O130: FALSE | P130: TRUE
A131: 완료 | B131: 130 | C131: 까치산_L5 | D131: 까치산 | E131: 까치산 | F131: 까치산역 | G131: 5 | H131: common | I131: 1108 | J131: 1348 | K131: =I131/5120*100 | L131: =J131/2880*100 | M131: 12 | N131: TRUE | O131: FALSE | P131: FALSE
A132: 완료 | B132: 131 | C132: 신정_L5 | D132: 신정 | E132: 신정 | F132: 신정역 | G132: 5 | H132: common | I132: 1180 | J132: 1420 | K132: =I132/5120*100 | L132: =J132/2880*100 | M132: 10 | N132: FALSE | O132: FALSE | P132: TRUE
... A145: 완료 | B145: 144 | C145: 서대문_L5 | D145: 서대문 | E145: 서대문 | F145: 서대문역 | G145: 5 | H145: common | I145: 1752 | J145: 980 | K145: =I145/5120*100 | L145: =J145/2880*100 | M145: 10 | N145: FALSE | O145: FALSE | P145: TRUE
A146: 완료 | B146: 145 | C146: 광화문_L5 | D146: 광화문 | E146: 광화문 | F146: 광화문역 | G146: 5 | H146: common | I146: 1916 | J146: 980 | K146: =I146/5120*100 | L146: =J146/2880*100 | M146: 10 | N146: FALSE | O146: FALSE | P146: TRUE | Q146: 광화문(세종문화회관)
A147: 완료 | B147: 146 | C147: 종로3가_L5 | D147: 종로3가 | E147: 종로3가 | F147: 종로3가역 | G147: 5 | H147: common | I147: 2084 | J147: 980 | K147: =I147/5120*100 | L147: =J147/2880*100 | M147: 12 | N147: TRUE | O147: FALSE | P147: FALSE
A148: 완료 | B148: 147 | C148: 을지로4가_L5 | D148: 을지로4가 | E148: 을지로4가 | F148: 을지로4가역 | G148: 5 | H148: common | I148: 2206 | J148: 1144 | K148: =I148/5120*100 | L148: =J148/2880*100 | M148: 12 | N148: TRUE | O148: FALSE | P148: FALSE
A149: 완료 | B149: 148 | C149: 동대문역사문화공원_L5 | D149: 동대문역사문화공원 | E149: 동대문역사문화공원 | F149: 동대문역사문화공원역 | G149: 5 | H149: common | I149: 2328 | J149: 1144 | K149: =I149/5120*100 | L149: =J149/2880*100 | M149: 12 | N149: TRUE | O149: FALSE | P149: FALSE | Q149: 동대문역사문화공원(DDP)
A150: 완료 | B150: 149 | C150: 청구_L5 | D150: 청구 | E150: 청구 | F150: 청구역 | G150: 5 | H150: common | I150: 2528 | J150: 1244 | K150: =I150/5120*100 | L150: =J150/2880*100 | M150: 12 | N150: TRUE | O150: FALSE | P150: TRUE
A151: 완료 | B151: 150 | C151: 신금호_L5 | D151: 신금호 | E151: 신금호 | F151: 신금호역 | G151: 5 | H151: common | I151: 2628 | J151: 1344 | K151: =I151/5120*100 | L151: =J151/2880*100 | M151: 10 | N151: FALSE | O151: FALSE | P151: TRUE
A152: 완료 | B152: 151 | C152: 행당_L5 | D152: 행당 | E152: 행당 | F152: 행당역 | G152: 5 | H152: common | I152: 2740 | J152: 1244 | K152: =I152/5120*100 | L152: =J152/2880*100 | M152: 10 | N152: FALSE | O152: FALSE | P152: TRUE
...

Sheet Line_Sequences
A1: line_id | B1: branch_code | C1: path_order | D1: visual_node_id | E1: station_key | F1: station_name | G1: display_name | H1: is_branch_endpoint | I1: alias_or_note
A2: 1 | B2: main | C2: 1 | D2: 서울역_L1 | E2: 서울역 | F2: 서울역 | G2: 서울역 | H2: TRUE
A3: 1 | B3: main | C3: 2 | D3: 시청_L1 | E3: 시청 | F3: 시청 | G3: 시청역 | H3: FALSE
A4: 1 | B4: main | C4: 3 | D4: 종각_L1 | E4: 종각 | F4: 종각 | G4: 종각역 | H4: FALSE
A5: 1 | B5: main | C5: 4 | D5: 종로3가_L1 | E5: 종로3가 | F5: 종로3가 | G5: 종로3가역 | H5: FALSE
A6: 1 | B6: main | C6: 5 | D6: 종로5가_L1 | E6: 종로5가 | F6: 종로5가 | G6: 종로5가역 | H6: FALSE
A7: 1 | B7: main | C7: 6 | D7: 동대문_L1 | E7: 동대문 | F7: 동대문 | G7: 동대문역 | H7: FALSE
A8: 1 | B8: main | C8: 7 | D8: 동묘앞_L1 | E8: 동묘앞 | F8: 동묘앞 | G8: 동묘앞역 | H8: FALSE
A9: 1 | B9: main | C9: 8 | D9: 신설동_L1 | E9: 신설동 | F9: 신설동 | G9: 신설동역 | H9: FALSE
A10: 1 | B10: main | C10: 9 | D10: 제기동_L1 | E10: 제기동 | F10: 제기동 | G10: 제기동역 | H10: FALSE
A11: 1 | B11: main | C11: 10 | D11: 청량리_L1 | E11: 청량리 | F11: 청량리 | G11: 청량리역 | H11: TRUE | I11: 청량리(서울시립대입구)
A12: 2 | B12: main | C12: 1 | D12: 시청_L2 | E12: 시청 | F12: 시청 | G12: 시청역 | H12: TRUE
A13: 2 | B13: main | C13: 2 | D13: 을지로입구_L2 | E13: 을지로입구 | F13: 을지로입구 | G13: 을지로입구역 | H13: FALSE
A14: 2 | B14: main | C14: 3 | D14: 을지로3가_L2 | E14: 을지로3가 | F14: 을지로3가 | G14: 을지로3가역 | H14: FALSE
A15: 2 | B15: main | C15: 4 | D15: 을지로4가_L2 | E15: 을지로4가 | F15: 을지로4가 | G15: 을지로4가역 | H15: FALSE
A16: 2 | B16: main | C16: 5 | D16: 동대문역사문화공원_L2 | E16: 동대문역사문화공원 | F16: 동대문역사문화공원 | G16: 동대문역사문화공원역 | H16: FALSE | I16: 동대문역사문화공원(DDP)
A17: 2 | B17: main | C17: 6 | D17: 신당_L2 | E17: 신당 | F17: 신당 | G17: 신당역 | H17: FALSE
A18: 2 | B18: main | C18: 7 | D18: 상왕십리_L2 | E18: 상왕십리 | F18: 상왕십리 | G18: 상왕십리역 | H18: FALSE
A19: 2 | B19: main | C19: 8 | D19: 왕십리_L2 | E19: 왕십리 | F19: 왕십리 | G19: 왕십리역 | H19: FALSE
A20: 2 | B20: main | C20: 9 | D20: 한양대_L2 | E20: 한양대 | F20: 한양대 | G20: 한양대역 | H20: FALSE
A21: 2 | B21: main | C21: 10 | D21: 뚝섬_L2 | E21: 뚝섬 | F21: 뚝섬 | G21: 뚝섬역 | H21: FALSE
A22: 2 | B22: main | C22: 11 | D22: 성수_L2 | E22: 성수 | F22: 성수 | G22: 성수역 | H22: FALSE
A23: 2 | B23: main | C23: 12 | D23: 건대입구_L2 | E23: 건대입구 | F23: 건대입구 | G23: 건대입구역 | H23: FALSE
A24: 2 | B24: main | C24: 13 | D24: 구의_L2 | E24: 구의 | F24: 구의 | G24: 구의역 | H24: FALSE
A25: 2 | B25: main | C25: 14 | D25: 강변_L2 | E25: 강변 | F25: 강변 | G25: 강변역 | H25: FALSE
A26: 2 | B26: main | C26: 15 | D26: 잠실나루_L2 | E26: 잠실나루 | F26: 잠실나루 | G26: 잠실나루역 | H26: FALSE
A27: 2 | B27: main | C27: 16 | D27: 잠실_L2 | E27: 잠실 | F27: 잠실 | G27: 잠실역 | H27: FALSE
A28: 2 | B28: main | C28: 17 | D28: 잠실새내_L2 | E28: 잠실새내 | F28: 잠실새내 | G28: 잠실새내역 | H28: FALSE
... A72: 3 | B72: main | C72: 8 | D72: 독립문_L3 | E72: 독립문 | F72: 독립문 | G72: 독립문역 | H72: FALSE
A73: 3 | B73: main | C73: 9 | D73: 경복궁_L3 | E73: 경복궁 | F73: 경복궁 | G73: 경복궁역 | H73: FALSE | I73: 경복궁(정부서울청사)
A74: 3 | B74: main | C74: 10 | D74: 안국_L3 | E74: 안국 | F74: 안국 | G74: 안국역 | H74: FALSE
A75: 3 | B75: main | C75: 11 | D75: 종로3가_L3 | E75: 종로3가 | F75: 종로3가 | G75: 종로3가역 | H75: FALSE
A76: 3 | B76: main | C76: 12 | D76: 을지로3가_L3 | E76: 을지로3가 | F76: 을지로3가 | G76: 을지로3가역 | H76: FALSE
A77: 3 | B77: main | C77: 13 | D77: 충무로_L3 | E77: 충무로 | F77: 충무로 | G77: 충무로역 | H77: FALSE
A78: 3 | B78: main | C78: 14 | D78: 동대입구_L3 | E78: 동대입구 | F78: 동대입구 | G78: 동대입구역 | H78: FALSE
A79: 3 | B79: main | C79: 15 | D79: 약수_L3 | E79: 약수 | F79: 약수 | G79: 약수역 | H79: FALSE
A80: 3 | B80: main | C80: 16 | D80: 금호_L3 | E80: 금호 | F80: 금호 | G80: 금호역 | H80: FALSE
A81: 3 | B81: main | C81: 17 | D81: 옥수_L3 | E81: 옥수 | F81: 옥수 | G81: 옥수역 | H81: FALSE
A82: 3 | B82: main | C82: 18 | D82: 압구정_L3 | E82: 압구정 | F82: 압구정 | G82: 압구정역 | H82: FALSE
A83: 3 | B83: main | C83: 19 | D83: 신사_L3 | E83: 신사 | F83: 신사 | G83: 신사역 | H83: FALSE
A84: 3 | B84: main | C84: 20 | D84: 잠원_L3 | E84: 잠원 | F84: 잠원 | G84: 잠원역 | H84: FALSE
A85: 3 | B85: main | C85: 21 | D85: 고속터미널_L3 | E85: 고속터미널 | F85: 고속터미널 | G85: 고속터미널역 | H85: FALSE
... A98: 3 | B98: main | C98: 34 | D98: 오금_L3 | E98: 오금 | F98: 오금 | G98: 오금역 | H98: TRUE
A99: 4 | B99: main | C99: 1 | D99: 불암산_L4 | E99: 불암산 | F99: 불암산 | G99: 불암산역 | H99: TRUE | I99: 당고개
A100: 4 | B100: main | C100: 2 | D100: 상계_L4 | E100: 상계 | F100: 상계 | G100: 상계역 | H100: FALSE
A101: 4 | B101: main | C101: 3 | D101: 노원_L4 | E101: 노원 | F101: 노원 | G101: 노원역 | H101: FALSE
A102: 4 | B102: main | C102: 4 | D102: 창동_L4 | E102: 창동 | F102: 창동 | G102: 창동역 | H102: FALSE
A103: 4 | B103: main | C103: 5 | D103: 쌍문_L4 | E103: 쌍문 | F103: 쌍문 | G103: 쌍문역 | H103: FALSE
A104: 4 | B104: main | C104: 6 | D104: 수유_L4 | E104: 수유 | F104: 수유 | G104: 수유역 | H104: FALSE
A105: 4 | B105: main | C105: 7 | D105: 미아_L4 | E105: 미아 | F105: 미아 | G105: 미아역 | H105: FALSE
A106: 4 | B106: main | C106: 8 | D106: 미아사거리_L4 | E106: 미아사거리 | F106: 미아사거리 | G106: 미아사거리역 | H106: FALSE
A107: 4 | B107: main | C107: 9 | D107: 길음_L4 | E107: 길음 | F107: 길음 | G107: 길음역 | H107: FALSE
A108: 4 | B108: main | C108: 10 | D108: 성신여대입구_L4 | E108: 성신여대입구 | F108: 성신여대입구 | G108: 성신여대입구역 | H108: FALSE
A109: 4 | B109: main | C109: 11 | D109: 한성대입구_L4 | E109: 한성대입구 | F109: 한성대입구 | G109: 한성대입구역 | H109: FALSE
A110: 4 | B110: main | C110: 12 | D110: 혜화_L4 | E110: 혜화 | F110: 혜화 | G110: 혜화역 | H110: FALSE
A111: 4 | B111: main | C111: 13 | D111: 동대문_L4 | E111: 동대문 | F111: 동대문 | G111: 동대문역 | H111: FALSE
A112: 4 | B112: main | C112: 14 | D112: 동대문역사문화공원_L4 | E112: 동대문역사문화공원 | F112: 동대문역사문화공원 | G112: 동대문역사문화공원역 | H112: FALSE | I112: 동대문역사문화공원(DDP)
A113: 4 | B113: main | C113: 15 | D113: 충무로_L4 | E113: 충무로 | F113: 충무로 | G113: 충무로역 | H113: FALSE
A114: 4 | B114: main | C114: 16 | D114: 명동_L4 | E114: 명동 | F114: 명동 | G114: 명동역 | H114: FALSE
A115: 4 | B115: main | C115: 17 | D115: 회현_L4 | E115: 회현 | F115: 회현 | G115: 회현역 | H115: FALSE
A116: 4 | B116: main | C116: 18 | D116: 서울역_L4 | E116: 서울역 | F116: 서울역 | G116: 서울역 | H116: FALSE
A117: 4 | B117: main | C117: 19 | D117: 숙대입구_L4 | E117: 숙대입구 | F117: 숙대입구 | G117: 숙대입구역 | H117: FALSE | I117: 숙대입구(갈월)
A118: 4 | B118: main | C118: 20 | D118: 삼각지_L4 | E118: 삼각지 | F118: 삼각지 | G118: 삼각지역 | H118: FALSE
A119: 4 | B119: main | C119: 21 | D119: 신용산_L4 | E119: 신용산 | F119: 신용산 | G119: 신용산역 | H119: FALSE
A120: 4 | B120: main | C120: 22 | D120: 이촌_L4 | E120: 이촌 | F120: 이촌 | G120: 이촌역 | H120: FALSE
A121: 4 | B121: main | C121: 23 | D121: 동작_L4 | E121: 동작 | F121: 동작 | G121: 동작역 | H121: FALSE
A122: 4 | B122: main | C122: 24 | D122: 이수_L4 | E122: 이수 | F122: 이수 | G122: 이수역 | H122: FALSE | I122: 총신대입구(이수)
A123: 4 | B123: main | C123: 25 | D123: 사당_L4 | E123: 사당 | F123: 사당 | G123: 사당역 | H123: FALSE
A124: 4 | B124: main | C124: 26 | D124: 남태령_L4 | E124: 남태령 | F124: 남태령 | G124: 남태령역 | H124: TRUE
A125: 5 | B125: common | C125: 1 | D125: 방화_L5 | E125: 방화 | F125: 방화 | G125: 방화역 | H125: TRUE
A126: 5 | B126: common | C126: 2 | D126: 개화산_L5 | E126: 개화산 | F126: 개화산 | G126: 개화산역 | H126: FALSE
A127: 5 | B127: common | C127: 3 | D127: 김포공항_L5 | E127: 김포공항 | F127: 김포공항 | G127: 김포공항역 | H127: FALSE
A128: 5 | B128: common | C128: 4 | D128: 송정_L5 | E128: 송정 | F128: 송정 | G128: 송정역 | H128: FALSE
A129: 5 | B129: common | C129: 5 | D129: 마곡_L5 | E129: 마곡 | F129: 마곡 | G129: 마곡역 | H129: FALSE
A130: 5 | B130: common | C130: 6 | D130: 발산_L5 | E130: 발산 | F130: 발산 | G130: 발산역 | H130: FALSE
A131: 5 | B131: common | C131: 7 | D131: 우장산_L5 | E131: 우장산 | F131: 우장산 | G131: 우장산역 | H131: FALSE
A132: 5 | B132: common | C132: 8 | D132: 화곡_L5 | E132: 화곡 | F132: 화곡 | G132: 화곡역 | H132: FALSE
A133: 5 | B133: common | C133: 9 | D133: 까치산_L5 | E133: 까치산 | F133: 까치산 | G133: 까치산역 | H133: FALSE
A134: 5 | B134: common | C134: 10 | D134: 신정_L5 | E134: 신정 | F134: 신정 | G134: 신정역 | H134: FALSE
... A147: 5 | B147: common | C147: 23 | D147: 서대문_L5 | E147: 서대문 | F147: 서대문 | G147: 서대문역 | H147: FALSE
A148: 5 | B148: common | C148: 24 | D148: 광화문_L5 | E148: 광화문 | F148: 광화문 | G148: 광화문역 | H148: FALSE | I148: 광화문(세종문화회관)
A149: 5 | B149: common | C149: 25 | D149: 종로3가_L5 | E149: 종로3가 | F149: 종로3가 | G149: 종로3가역 | H149: FALSE
A150: 5 | B150: common | C150: 26 | D150: 을지로4가_L5 | E150: 을지로4가 | F150: 을지로4가 | G150: 을지로4가역 | H150: FALSE
A151: 5 | B151: common | C151: 27 | D151: 동대문역사문화공원_L5 | E151: 동대문역사문화공원 | F151: 동대문역사문화공원 | G151: 동대문역사문화공원역 | H151: FALSE | I151: 동대문역사문화공원(DDP)
A152: 5 | B152: common | C152: 28 | D152: 청구_L5 | E152: 청구 | F152: 청구 | G152: 청구역 | H152: FALSE
A153: 5 | B153: common | C153: 29 | D153: 신금호_L5 | E153: 신금호 | F153: 신금호 | G153: 신금호역 | H153: FALSE
A154: 5 | B154: common | C154: 30 | D154: 행당_L5 | E154: 행당 | F154: 행당 | G154: 행당역 | H154: FALSE
A155: 5 | B155: common | C155: 31 | D155: 왕십리_L5 | E155: 왕십리 | F155: 왕십리 | G155: 왕십리역 | H155: FALSE
A156: 5 | B156: common | C156: 32 | D156: 마장_L5 | E156: 마장 | F156: 마장 | G156: 마장역 | H156: FALSE
A157: 5 | B157: common | C157: 33 | D157: 답십리_L5 | E157: 답십리 | F157: 답십리 | G157: 답십리역 | H157: FALSE
A158: 5 | B158: common | C158: 34 | D158: 장한평_L5 | E158: 장한평 | F158: 장한평 | G158: 장한평역 | H158: FALSE
A159: 5 | B159: common | C159: 35 | D159: 군자_L5 | E159: 군자 | F159: 군자 | G159: 군자역 | H159: FALSE
A160: 5 | B160: common | C160: 36 | D160: 아차산_L5 | E160: 아차산 | F160: 아차산 | G160: 아차산역 | H160: FALSE
A161: 5 | B161: common | C161: 37 | D161: 광나루_L5 | E161: 광나루 | F161: 광나루 | G161: 광나루역 | H161: FALSE
A162: 5 | B162: common | C162: 38 | D162: 천호_L5 | E162: 천호 | F162: 천호 | G162: 천호역 | H162: FALSE
A163: 5 | B163: common | C163: 39 | D163: 강동_L5 | E163: 강동 | F163: 강동 | G163: 강동역 | H163: TRUE
... A172: 5 | B172: hanam_branch | C172: 9 | D172: 하남풍산_L5 | E172: 하남풍산 | F172: 하남풍산 | G172: 하남풍산역 | H172: FALSE
A173: 5 | B173: hanam_branch | C173: 10 | D173: 하남시청_L5 | E173: 하남시청 | F173: 하남시청 | G173: 하남시청역 | H173: FALSE | I173: 하남시청(덕풍·신장)
A174: 5 | B174: hanam_branch | C174: 11 | D174: 하남검단산_L5 | E174: 하남검단산 | F174: 하남검단산 | G174: 하남검단산역 | H174: TRUE
A175: 5 | B175: macheon_branch | C175: 1 | D175: 강동_L5 | E175: 강동 | F175: 강동 | G175: 강동역 | H175: TRUE
...

Sheet Transfer_Links
A1: station_key | B1: station_name | C1: from_line_id | D1: to_line_id | E1: from_visual_node_id | F1: to_visual_node_id | G1: transfer_style | H1: connector_visible | I1: connector_color | J1: memo
A2: 시청 | B2: 시청 | C2: 1 | D2: 2 | E2: 시청_L1 | F2: 시청_L2 | G2: connector | H2: TRUE | I2: #9CA3AF | J2: 지도 렌더링용 환승 연결선; 실제 환승 시간/거리 평가는 별도 환승 데이터 사용
A3: 신설동 | B3: 신설동 | C3: 1 | D3: 2 | E3: 신설동_L1 | F3: 신설동_L2 | G3: connector | H3: TRUE | I3: #9CA3AF | J3: 지도 렌더링용 환승 연결선; 실제 환승 시간/거리 평가는 별도 환승 데이터 사용
A4: 종로3가 | B4: 종로3가 | C4: 1 | D4: 3 | E4: 종로3가_L1 | F4: 종로3가_L3 | G4: connector | H4: TRUE | I4: #9CA3AF | J4: 지도 렌더링용 환승 연결선; 실제 환승 시간/거리 평가는 별도 환승 데이터 사용
A5: 동대문 | B5: 동대문 | C5: 1 | D5: 4 | E5: 동대문_L1 | F5: 동대문_L4 | G5: connector | H5: TRUE | I5: #9CA3AF | J5: 지도 렌더링용 환승 연결선; 실제 환승 시간/거리 평가는 별도 환승 데이터 사용
A6: 서울역 | B6: 서울역 | C6: 1 | D6: 4 | E6: 서울역_L1 | F6: 서울역_L4 | G6: connector | H6: TRUE | I6: #9CA3AF | J6: 지도 렌더링용 환승 연결선; 실제 환승 시간/거리 평가는 별도 환승 데이터 사용
A7: 종로3가 | B7: 종로3가 | C7: 1 | D7: 5 | E7: 종로3가_L1 | F7: 종로3가_L5 | G7: connector | H7: TRUE | I7: #9CA3AF | J7: 지도 렌더링용 환승 연결선; 실제 환승 시간/거리 평가는 별도 환승 데이터 사용
A8: 동묘앞 | B8: 동묘앞 | C8: 1 | D8: 6 | E8: 동묘앞_L1 | F8: 동묘앞_L6 | G8: connector | H8: TRUE | I8: #9CA3AF | J8: 지도 렌더링용 환승 연결선; 실제 환승 시간/거리 평가는 별도 환승 데이터 사용
A9: 교대 | B9: 교대 | C9: 2 | D9: 3 | E9: 교대_L2 | F9: 교대_L3 | G9: connector | H9: TRUE | I9: #9CA3AF | J9: 지도 렌더링용 환승 연결선; 실제 환승 시간/거리 평가는 별도 환승 데이터 사용
A10: 을지로3가 | B10: 을지로3가 | C10: 2 | D10: 3 | E10: 을지로3가_L2 | F10: 을지로3가_L3 | G10: connector | H10: TRUE | I10: #9CA3AF | J10: 지도 렌더링용 환승 연결선; 실제 환승 시간/거리 평가는 별도 환승 데이터 사용
A11: 동대문역사문화공원 | B11: 동대문역사문화공원 | C11: 2 | D11: 4 | E11: 동대문역사문화공원_L2 | F11: 동대문역사문화공원_L4 | G11: connector | H11: TRUE | I11: #9CA3AF | J11: 지도 렌더링용 환승 연결선; 실제 환승 시간/거리 평가는 별도 환승 데이터 사용
A12: 사당 | B12: 사당 | C12: 2 | D12: 4 | E12: 사당_L2 | F12: 사당_L4 | G12: connector | H12: TRUE | I12: #9CA3AF | J12: 지도 렌더링용 환승 연결선; 실제 환승 시간/거리 평가는 별도 환승 데이터 사용
A13: 까치산 | B13: 까치산 | C13: 2 | D13: 5 | E13: 까치산_L2 | F13: 까치산_L5 | G13: connector | H13: TRUE | I13: #9CA3AF | J13: 지도 렌더링용 환승 연결선; 실제 환승 시간/거리 평가는 별도 환승 데이터 사용
... A49: 석촌 | B49: 석촌 | C49: 8 | D49: 9 | E49: 석촌_L8 | F49: 석촌_L9 | G49: connector | H49: TRUE | I49: #9CA3AF | J49: 지도 렌더링용 환승 연결선

Sheet Station_Click_Areas
A1: mark_status | B1: station_key | C1: station_name | D1: display_name | E1: available_lines | F1: click_x_px | G1: click_y_px | H1: click_x_pct | I1: click_y_pct | J1: click_radius_px | K1: click_shape | L1: source_method | M1: manual_override_note | N1: click_dx | O1: click_dy
A2: 완료 | B2: 서울역 | C2: 서울역 | D2: 서울역 | E2: 1,4 | F2: =ROUND(AVERAGEIF(Station_Visual_Nodes!$D$2:$D$2000,$B2,Station_Visual_Nodes!$I$2:$I$2000)+N2,0) | G2: =ROUND(AVERAGEIF(Station_Visual_Nodes!$D$2:$D$2000,$B2,Station_Visual_Nodes!$J$2:$J$2000)+O2,0) | H2: =F2/5120*100 | I2: =G2/2880*100 | J2: 42 | K2: circle | L2: auto_from_visual_nodes_avg | N2: 0 | O2: 0
A3: 완료 | B3: 시청 | C3: 시청 | D3: 시청역 | E3: 1,2 | F3: =ROUND(AVERAGEIF(Station_Visual_Nodes!$D$2:$D$2000,$B3,Station_Visual_Nodes!$I$2:$I$2000)+N3,0) | G3: =ROUND(AVERAGEIF(Station_Visual_Nodes!$D$2:$D$2000,$B3,Station_Visual_Nodes!$J$2:$J$2000)+O3,0) | H3: =F3/5120*100 | I3: =G3/2880*100 | J3: 42 | K3: circle | L3: auto_from_visual_nodes_avg | N3: 0 | O3: 0
A4: 완료 | B4: 종각 | C4: 종각 | D4: 종각역 | E4: 1 | F4: =ROUND(AVERAGEIF(Station_Visual_Nodes!$D$2:$D$2000,$B4,Station_Visual_Nodes!$I$2:$I$2000)+N4,0) | G4: =ROUND(AVERAGEIF(Station_Visual_Nodes!$D$2:$D$2000,$B4,Station_Visual_Nodes!$J$2:$J$2000)+O4,0) | H4: =F4/5120*100 | I4: =G4/2880*100 | J4: 24 | K4: circle | L4: auto_from_visual_nodes_avg | N4: 0 | O4: 0
A5: 완료 | B5: 종로3가 | C5: 종로3가 | D5: 종로3가역 | E5: 1,3,5 | F5: =ROUND(AVERAGEIF(Station_Visual_Nodes!$D$2:$D$2000,$B5,Station_Visual_Nodes!$I$2:$I$2000)+N5,0) | G5: =ROUND(AVERAGEIF(Station_Visual_Nodes!$D$2:$D$2000,$B5,Station_Visual_Nodes!$J$2:$J$2000)+O5,0) | H5: =F5/5120*100 | I5: =G5/2880*100 | J5: 52 | K5: circle | L5: auto_from_visual_nodes_avg | N5: 0 | O5: 0
A6: 완료 | B6: 종로5가 | C6: 종로5가 | D6: 종로5가역 | E6: 1 | F6: 2206 | G6: 980 | H6: =F6/5120*100 | I6: =G6/2880*100 | J6: 24 | K6: circle | L6: auto_from_visual_nodes_avg | N6: 0 | O6: 0
A7: 완료 | B7: 동대문 | C7: 동대문 | D7: 동대문역 | E7: 1,4 | F7: =ROUND(AVERAGEIF(Station_Visual_Nodes!$D$2:$D$2000,$B7,Station_Visual_Nodes!$I$2:$I$2000)+N7,0) | G7: =ROUND(AVERAGEIF(Station_Visual_Nodes!$D$2:$D$2000,$B7,Station_Visual_Nodes!$J$2:$J$2000)+O7,0) | H7: =F7/5120*100 | I7: =G7/2880*100 | J7: 42 | K7: circle | L7: auto_from_visual_nodes_avg | N7: 0 | O7: 0
A8: 완료 | B8: 동묘앞 | C8: 동묘앞 | D8: 동묘앞역 | E8: 1,6 | F8: =ROUND(AVERAGEIF(Station_Visual_Nodes!$D$2:$D$2000,$B8,Station_Visual_Nodes!$I$2:$I$2000)+N8,0) | G8: =ROUND(AVERAGEIF(Station_Visual_Nodes!$D$2:$D$2000,$B8,Station_Visual_Nodes!$J$2:$J$2000)+O8,0) | H8: =F8/5120*100 | I8: =G8/2880*100 | J8: 42 | K8: circle | L8: auto_from_visual_nodes_avg | N8: 0 | O8: 0
A9: 완료 | B9: 신설동 | C9: 신설동 | D9: 신설동역 | E9: 1,2 | F9: =ROUND(AVERAGEIF(Station_Visual_Nodes!$D$2:$D$2000,$B9,Station_Visual_Nodes!$I$2:$I$2000)+N9,0) | G9: =ROUND(AVERAGEIF(Station_Visual_Nodes!$D$2:$D$2000,$B9,Station_Visual_Nodes!$J$2:$J$2000)+O9,0) | H9: =F9/5120*100 | I9: =G9/2880*100 | J9: 42 | K9: circle | L9: auto_from_visual_nodes_avg | N9: 0 | O9: 0
A10: 완료 | B10: 제기동 | C10: 제기동 | D10: 제기동역 | E10: 1 | F10: =ROUND(AVERAGEIF(Station_Visual_Nodes!$D$2:$D$2000,$B10,Station_Visual_Nodes!$I$2:$I$2000)+N10,0) | G10: =ROUND(AVERAGEIF(Station_Visual_Nodes!$D$2:$D$2000,$B10,Station_Visual_Nodes!$J$2:$J$2000)+O10,0) | H10: =F10/5120*100 | I10: =G10/2880*100 | J10: 24 | K10: circle | L10: auto_from_visual_nodes_avg | N10: 0 | O10: 0
A11: 완료 | B11: 청량리 | C11: 청량리 | D11: 청량리역 | E11: 1 | F11: =ROUND(AVERAGEIF(Station_Visual_Nodes!$D$2:$D$2000,$B11,Station_Visual_Nodes!$I$2:$I$2000)+N11,0) | G11: =ROUND(AVERAGEIF(Station_Visual_Nodes!$D$2:$D$2000,$B11,Station_Visual_Nodes!$J$2:$J$2000)+O11,0) | H11: =F11/5120*100 | I11: =G11/2880*100 | J11: 24 | K11: circle | L11: auto_from_visual_nodes_avg | N11: 0 | O11: 0
A12: 완료 | B12: 을지로입구 | C12: 을지로입구 | D12: 을지로입구역 | E12: 2 | F12: =ROUND(AVERAGEIF(Station_Visual_Nodes!$D$2:$D$2000,$B12,Station_Visual_Nodes!$I$2:$I$2000)+N12,0) | G12: =ROUND(AVERAGEIF(Station_Visual_Nodes!$D$2:$D$2000,$B12,Station_Visual_Nodes!$J$2:$J$2000)+O12,0) | H12: =F12/5120*100 | I12: =G12/2880*100 | J12: 24 | K12: circle | L12: auto_from_visual_nodes_avg | N12: 0 | O12: 0
A13: 완료 | B13: 을지로3가 | C13: 을지로3가 | D13: 을지로3가역 | E13: 2,3 | F13: =ROUND(AVERAGEIF(Station_Visual_Nodes!$D$2:$D$2000,$B13,Station_Visual_Nodes!$I$2:$I$2000)+N13,0) | G13: =ROUND(AVERAGEIF(Station_Visual_Nodes!$D$2:$D$2000,$B13,Station_Visual_Nodes!$J$2:$J$2000)+O13,0) | H13: =F13/5120*100 | I13: =G13/2880*100 | J13: 42 | K13: circle | L13: auto_from_visual_nodes_avg | N13: 0 | O13: 0
A14: 완료 | B14: 을지로4가 | C14: 을지로4가 | D14: 을지로4가역 | E14: 2,5 | F14: =ROUND(AVERAGEIF(Station_Visual_Nodes!$D$2:$D$2000,$B14,Station_Visual_Nodes!$I$2:$I$2000)+N14,0) | G14: =ROUND(AVERAGEIF(Station_Visual_Nodes!$D$2:$D$2000,$B14,Station_Visual_Nodes!$J$2:$J$2000)+O14,0) | H14: =F14/5120*100 | I14: =G14/2880*100 | J14: 42 | K14: circle | L14: auto_from_visual_nodes_avg | N14: 0 | O14: 0
A15: 완료 | B15: 동대문역사문화공원 | C15: 동대문역사문화공원 | D15: 동대문역사문화공원역 | E15: 2,4,5 | F15: =ROUND(AVERAGEIF(Station_Visual_Nodes!$D$2:$D$2000,$B15,Station_Visual_Nodes!$I$2:$I$2000)+N15,0) | G15: =ROUND(AVERAGEIF(Station_Visual_Nodes!$D$2:$D$2000,$B15,Station_Visual_Nodes!$J$2:$J$2000)+O15,0) | H15: =F15/5120*100 | I15: =G15/2880*100 | J15: 52 | K15: circle | L15: auto_from_visual_nodes_avg | N15: 0 | O15: 0
A16: 완료 | B16: 신당 | C16: 신당 | D16: 신당역 | E16: 2,6 | F16: =ROUND(AVERAGEIF(Station_Visual_Nodes!$D$2:$D$2000,$B16,Station_Visual_Nodes!$I$2:$I$2000)+N16,0) | G16: =ROUND(AVERAGEIF(Station_Visual_Nodes!$D$2:$D$2000,$B16,Station_Visual_Nodes!$J$2:$J$2000)+O16,0) | H16: =F16/5120*100 | I16: =G16/2880*100 | J16: 42 | K16: circle | L16: auto_from_visual_nodes_avg | N16: 0 | O16: 0
A17: 완료 | B17: 상왕십리 | C17: 상왕십리 | D17: 상왕십리역 | E17: 2 | F17: =ROUND(AVERAGEIF(Station_Visual_Nodes!$D$2:$D$2000,$B17,Station_Visual_Nodes!$I$2:$I$2000)+N17,0) | G17: =ROUND(AVERAGEIF(Station_Visual_Nodes!$D$2:$D$2000,$B17,Station_Visual_Nodes!$J$2:$J$2000)+O17,0) | H17: =F17/5120*100 | I17: =G17/2880*100 | J17: 24 | K17: circle | L17: auto_from_visual_nodes_avg | N17: 0 | O17: 0
A18: 완료 | B18: 왕십리 | C18: 왕십리 | D18: 왕십리역 | E18: 2,5 | F18: =ROUND(AVERAGEIF(Station_Visual_Nodes!$D$2:$D$2000,$B18,Station_Visual_Nodes!$I$2:$I$2000)+N18,0) | G18: =ROUND(AVERAGEIF(Station_Visual_Nodes!$D$2:$D$2000,$B18,Station_Visual_Nodes!$J$2:$J$2000)+O18,0) | H18: =F18/5120*100 | I18: =G18/2880*100 | J18: 42 | K18: circle | L18: auto_from_visual_nodes_avg | N18: 0 | O18: 0
A19: 완료 | B19: 한양대 | C19: 한양대 | D19: 한양대역 | E19: 2 | F19: 2816 | G19: 1194 | H19: =F19/5120*100 | I19: =G19/2880*100 | J19: 24 | K19: circle | L19: auto_from_visual_nodes_avg | N19: 0 | O19: 0
A20: 완료 | B20: 뚝섬 | C20: 뚝섬 | D20: 뚝섬역 | E20: 2 | F20: 2896 | G20: 1244 | H20: =F20/5120*100 | I20: =G20/2880*100 | J20: 24 | K20: circle | L20: auto_from_visual_nodes_avg | N20: 0 | O20: 0
A21: 완료 | B21: 성수 | C21: 성수 | D21: 성수역 | E21: 2 | F21: =ROUND(AVERAGEIF(Station_Visual_Nodes!$D$2:$D$2000,$B21,Station_Visual_Nodes!$I$2:$I$2000)+N21,0) | G21: =ROUND(AVERAGEIF(Station_Visual_Nodes!$D$2:$D$2000,$B21,Station_Visual_Nodes!$J$2:$J$2000)+O21,0) | H21: =F21/5120*100 | I21: =G21/2880*100 | J21: 24 | K21: circle | L21: auto_from_visual_nodes_avg | N21: 0 | O21: 0
A22: 완료 | B22: 건대입구 | C22: 건대입구 | D22: 건대입구역 | E22: 2,7 | F22: =ROUND(AVERAGEIF(Station_Visual_Nodes!$D$2:$D$2000,$B22,Station_Visual_Nodes!$I$2:$I$2000)+N22,0) | G22: =ROUND(AVERAGEIF(Station_Visual_Nodes!$D$2:$D$2000,$B22,Station_Visual_Nodes!$J$2:$J$2000)+O22,0) | H22: =F22/5120*100 | I22: =G22/2880*100 | J22: 42 | K22: circle | L22: auto_from_visual_nodes_avg | N22: 0 | O22: 0
A23: 완료 | B23: 구의 | C23: 구의 | D23: 구의역 | E23: 2 | F23: =ROUND(AVERAGEIF(Station_Visual_Nodes!$D$2:$D$2000,$B23,Station_Visual_Nodes!$I$2:$I$2000)+N23,0) | G23: =ROUND(AVERAGEIF(Station_Visual_Nodes!$D$2:$D$2000,$B23,Station_Visual_Nodes!$J$2:$J$2000)+O23,0) | H23: =F23/5120*100 | I23: =G23/2880*100 | J23: 24 | K23: circle | L23: auto_from_visual_nodes_avg | N23: 0 | O23: 0
A24: 완료 | B24: 강변 | C24: 강변 | D24: 강변역 | E24: 2 | F24: =ROUND(AVERAGEIF(Station_Visual_Nodes!$D$2:$D$2000,$B24,Station_Visual_Nodes!$I$2:$I$2000)+N24,0) | G24: =ROUND(AVERAGEIF(Station_Visual_Nodes!$D$2:$D$2000,$B24,Station_Visual_Nodes!$J$2:$J$2000)+O24,0) | H24: =F24/5120*100 | I24: =G24/2880*100 | J24: 24 | K24: circle | L24: auto_from_visual_nodes_avg | N24: 0 | O24: 0
A25: 완료 | B25: 잠실나루 | C25: 잠실나루 | D25: 잠실나루역 | E25: 2 | F25: =ROUND(AVERAGEIF(Station_Visual_Nodes!$D$2:$D$2000,$B25,Station_Visual_Nodes!$I$2:$I$2000)+N25,0) | G25: =ROUND(AVERAGEIF(Station_Visual_Nodes!$D$2:$D$2000,$B25,Station_Visual_Nodes!$J$2:$J$2000)+O25,0) | H25: =F25/5120*100 | I25: =G25/2880*100 | J25: 24 | K25: circle | L25: auto_from_visual_nodes_avg | N25: 0 | O25: 0
A26: 완료 | B26: 잠실 | C26: 잠실 | D26: 잠실역 | E26: 2,8 | F26: =ROUND(AVERAGEIF(Station_Visual_Nodes!$D$2:$D$2000,$B26,Station_Visual_Nodes!$I$2:$I$2000)+N26,0) | G26: =ROUND(AVERAGEIF(Station_Visual_Nodes!$D$2:$D$2000,$B26,Station_Visual_Nodes!$J$2:$J$2000)+O26,0) | H26: =F26/5120*100 | I26: =G26/2880*100 | J26: 42 | K26: circle | L26: auto_from_visual_nodes_avg | N26: 0 | O26: 0
A27: 완료 | B27: 잠실새내 | C27: 잠실새내 | D27: 잠실새내역 | E27: 2 | F27: =ROUND(AVERAGEIF(Station_Visual_Nodes!$D$2:$D$2000,$B27,Station_Visual_Nodes!$I$2:$I$2000)+N27,0) | G27: =ROUND(AVERAGEIF(Station_Visual_Nodes!$D$2:$D$2000,$B27,Station_Visual_Nodes!$J$2:$J$2000)+O27,0) | H27: =F27/5120*100 | I27: =G27/2880*100 | J27: 24 | K27: circle | L27: auto_from_visual_nodes_avg | N27: 0 | O27: 0
A28: 완료 | B28: 종합운동장 | C28: 종합운동장 | D28: 종합운동장역 | E28: 2,9 | F28: =ROUND(AVERAGEIF(Station_Visual_Nodes!$D$2:$D$2000,$B28,Station_Visual_Nodes!$I$2:$I$2000)+N28,0) | G28: =ROUND(AVERAGEIF(Station_Visual_Nodes!$D$2:$D$2000,$B28,Station_Visual_Nodes!$J$2:$J$2000)+O28,0) | H28: =F28/5120*100 | I28: =G28/2880*100 | J28: 24 | K28: circle | L28: auto_from_visual_nodes_avg | N28: 0 | O28: 0
A29: 완료 | B29: 삼성 | C29: 삼성 | D29: 삼성역 | E29: 2 | F29: =ROUND(AVERAGEIF(Station_Visual_Nodes!$D$2:$D$2000,$B29,Station_Visual_Nodes!$I$2:$I$2000)+N29,0) | G29: =ROUND(AVERAGEIF(Station_Visual_Nodes!$D$2:$D$2000,$B29,Station_Visual_Nodes!$J$2:$J$2000)+O29,0) | H29: =F29/5120*100 | I29: =G29/2880*100 | J29: 24 | K29: circle | L29: auto_from_visual_nodes_avg | N29: 0 | O29: 0
A30: 완료 | B30: 선릉 | C30: 선릉 | D30: 선릉역 | E30: 2 | F30: =ROUND(AVERAGEIF(Station_Visual_Nodes!$D$2:$D$2000,$B30,Station_Visual_Nodes!$I$2:$I$2000)+N30,0) | G30: =ROUND(AVERAGEIF(Station_Visual_Nodes!$D$2:$D$2000,$B30,Station_Visual_Nodes!$J$2:$J$2000)+O30,0) | H30: =F30/5120*100 | I30: =G30/2880*100 | J30: 24 | K30: circle | L30: auto_from_visual_nodes_avg | N30: 0 | O30: 0
A31: 완료 | B31: 역삼 | C31: 역삼 | D31: 역삼역 | E31: 2 | F31: =ROUND(AVERAGEIF(Station_Visual_Nodes!$D$2:$D$2000,$B31,Station_Visual_Nodes!$I$2:$I$2000)+N31,0) | G31: =ROUND(AVERAGEIF(Station_Visual_Nodes!$D$2:$D$2000,$B31,Station_Visual_Nodes!$J$2:$J$2000)+O31,0) | H31: =F31/5120*100 | I31: =G31/2880*100 | J31: 24 | K31: circle | L31: auto_from_visual_nodes_avg | N31: 0 | O31: 0
A32: 완료 | B32: 강남 | C32: 강남 | D32: 강남역 | E32: 2 | F32: =ROUND(AVERAGEIF(Station_Visual_Nodes!$D$2:$D$2000,$B32,Station_Visual_Nodes!$I$2:$I$2000)+N32,0) | G32: =ROUND(AVERAGEIF(Station_Visual_Nodes!$D$2:$D$2000,$B32,Station_Visual_Nodes!$J$2:$J$2000)+O32,0) | H32: =F32/5120*100 | I32: =G32/2880*100 | J32: 24 | K32: circle | L32: auto_from_visual_nodes_avg | N32: 0 | O32: 0
... A112: 완료 | B112: 남태령 | C112: 남태령 | D112: 남태령역 | E112: 4 | F112: =ROUND(AVERAGEIF(Station_Visual_Nodes!$D$2:$D$2000,$B112,Station_Visual_Nodes!$I$2:$I$2000)+N112,0) | G112: =ROUND(AVERAGEIF(Station_Visual_Nodes!$D$2:$D$2000,$B112,Station_Visual_Nodes!$J$2:$J$2000)+O112,0) | H112: =F112/5120*100 | I112: =G112/2880*100 | J112: 24 | K112: circle | L112: auto_from_visual_nodes_avg | N112: 0 | O112: 0
A113: 완료 | B113: 방화 | C113: 방화 | D113: 방화역 | E113: 5 | F113: 788 | G113: 800 | H113: =F113/5120*100 | I113: =G113/2880*100 | J113: 24 | K113: circle | L113: auto_from_visual_nodes_avg | N113: 0 | O113: 0
A114: 완료 | B114: 개화산 | C114: 개화산 | D114: 개화산역 | E114: 5 | F114: 788 | G114: 884 | H114: =F114/5120*100 | I114: =G114/2880*100 | J114: 24 | K114: circle | L114: auto_from_visual_nodes_avg | N114: 0 | O114: 0
A115: 완료 | B115: 김포공항 | C115: 김포공항 | D115: 김포공항역 | E115: 5,9 | F115: 788 | G115: 960 | H115: =F115/5120*100 | I115: =G115/2880*100 | J115: 24 | K115: circle | L115: auto_from_visual_nodes_avg | N115: 0 | O115: 0
A116: 완료 | B116: 송정 | C116: 송정 | D116: 송정역 | E116: 5 | F116: =ROUND(AVERAGEIF(Station_Visual_Nodes!$D$2:$D$2000,$B116,Station_Visual_Nodes!$I$2:$I$2000)+N116,0) | G116: =ROUND(AVERAGEIF(Station_Visual_Nodes!$D$2:$D$2000,$B116,Station_Visual_Nodes!$J$2:$J$2000)+O116,0) | H116: =F116/5120*100 | I116: =G116/2880*100 | J116: 24 | K116: circle | L116: auto_from_visual_nodes_avg | N116: 0 | O116: 0
A117: 완료 | B117: 마곡 | C117: 마곡 | D117: 마곡역 | E117: 5 | F117: =ROUND(AVERAGEIF(Station_Visual_Nodes!$D$2:$D$2000,$B117,Station_Visual_Nodes!$I$2:$I$2000)+N117,0) | G117: =ROUND(AVERAGEIF(Station_Visual_Nodes!$D$2:$D$2000,$B117,Station_Visual_Nodes!$J$2:$J$2000)+O117,0) | H117: =F117/5120*100 | I117: =G117/2880*100 | J117: 24 | K117: circle | L117: auto_from_visual_nodes_avg | N117: 0 | O117: 0
A118: 완료 | B118: 발산 | C118: 발산 | D118: 발산역 | E118: 5 | F118: =ROUND(AVERAGEIF(Station_Visual_Nodes!$D$2:$D$2000,$B118,Station_Visual_Nodes!$I$2:$I$2000)+N118,0) | G118: =ROUND(AVERAGEIF(Station_Visual_Nodes!$D$2:$D$2000,$B118,Station_Visual_Nodes!$J$2:$J$2000)+O118,0) | H118: =F118/5120*100 | I118: =G118/2880*100 | J118: 24 | K118: circle | L118: auto_from_visual_nodes_avg | N118: 0 | O118: 0
A119: 완료 | B119: 우장산 | C119: 우장산 | D119: 우장산역 | E119: 5 | F119: =ROUND(AVERAGEIF(Station_Visual_Nodes!$D$2:$D$2000,$B119,Station_Visual_Nodes!$I$2:$I$2000)+N119,0) | G119: =ROUND(AVERAGEIF(Station_Visual_Nodes!$D$2:$D$2000,$B119,Station_Visual_Nodes!$J$2:$J$2000)+O119,0) | H119: =F119/5120*100 | I119: =G119/2880*100 | J119: 24 | K119: circle | L119: auto_from_visual_nodes_avg | N119: 0 | O119: 0
A120: 완료 | B120: 화곡 | C120: 화곡 | D120: 화곡역 | E120: 5 | F120: =ROUND(AVERAGEIF(Station_Visual_Nodes!$D$2:$D$2000,$B120,Station_Visual_Nodes!$I$2:$I$2000)+N120,0) | G120: =ROUND(AVERAGEIF(Station_Visual_Nodes!$D$2:$D$2000,$B120,Station_Visual_Nodes!$J$2:$J$2000)+O120,0) | H120: =F120/5120*100 | I120: =G120/2880*100 | J120: 24 | K120: circle | L120: auto_from_visual_nodes_avg | N120: 0 | O120: 0
A121: 완료 | B121: 신정 | C121: 신정 | D121: 신정역 | E121: 5 | F121: =ROUND(AVERAGEIF(Station_Visual_Nodes!$D$2:$D$2000,$B121,Station_Visual_Nodes!$I$2:$I$2000)+N121,0) | G121: =ROUND(AVERAGEIF(Station_Visual_Nodes!$D$2:$D$2000,$B121,Station_Visual_Nodes!$J$2:$J$2000)+O121,0) | H121: =F121/5120*100 | I121: =G121/2880*100 | J121: 24 | K121: circle | L121: auto_from_visual_nodes_avg | N121: 0 | O121: 0
A122: 완료 | B122: 목동 | C122: 목동 | D122: 목동역 | E122: 5 | F122: =ROUND(AVERAGEIF(Station_Visual_Nodes!$D$2:$D$2000,$B122,Station_Visual_Nodes!$I$2:$I$2000)+N122,0) | G122: =ROUND(AVERAGEIF(Station_Visual_Nodes!$D$2:$D$2000,$B122,Station_Visual_Nodes!$J$2:$J$2000)+O122,0) | H122: =F122/5120*100 | I122: =G122/2880*100 | J122: 24 | K122: circle | L122: auto_from_visual_nodes_avg | N122: 0 | O122: 0
A123: 완료 | B123: 오목교 | C123: 오목교 | D123: 오목교역 | E123: 5 | F123: =ROUND(AVERAGEIF(Station_Visual_Nodes!$D$2:$D$2000,$B123,Station_Visual_Nodes!$I$2:$I$2000)+N123,0) | G123: =ROUND(AVERAGEIF(Station_Visual_Nodes!$D$2:$D$2000,$B123,Station_Visual_Nodes!$J$2:$J$2000)+O123,0) | H123: =F123/5120*100 | I123: =G123/2880*100 | J123: 24 | K123: circle | L123: auto_from_visual_nodes_avg | N123: 0 | O123: 0
A124: 완료 | B124: 양평 | C124: 양평 | D124: 양평역 | E124: 5 | F124: =ROUND(AVERAGEIF(Station_Visual_Nodes!$D$2:$D$2000,$B124,Station_Visual_Nodes!$I$2:$I$2000)+N124,0) | G124: =ROUND(AVERAGEIF(Station_Visual_Nodes!$D$2:$D$2000,$B124,Station_Visual_Nodes!$J$2:$J$2000)+O124,0) | H124: =F124/5120*100 | I124: =G124/2880*100 | J124: 24 | K124: circle | L124: auto_from_visual_nodes_avg | N124: 0 | O124: 0
A125: 완료 | B125: 영등포시장 | C125: 영등포시장 | D125: 영등포시장역 | E125: 5 | F125: =ROUND(AVERAGEIF(Station_Visual_Nodes!$D$2:$D$2000,$B125,Station_Visual_Nodes!$I$2:$I$2000)+N125,0) | G125: =ROUND(AVERAGEIF(Station_Visual_Nodes!$D$2:$D$2000,$B125,Station_Visual_Nodes!$J$2:$J$2000)+O125,0) | H125: =F125/5120*100 | I125: =G125/2880*100 | J125: 24 | K125: circle | L125: auto_from_visual_nodes_avg | N125: 0 | O125: 0
A126: 완료 | B126: 신길 | C126: 신길 | D126: 신길역 | E126: 5 | F126: =ROUND(AVERAGEIF(Station_Visual_Nodes!$D$2:$D$2000,$B126,Station_Visual_Nodes!$I$2:$I$2000)+N126,0) | G126: =ROUND(AVERAGEIF(Station_Visual_Nodes!$D$2:$D$2000,$B126,Station_Visual_Nodes!$J$2:$J$2000)+O126,0) | H126: =F126/5120*100 | I126: =G126/2880*100 | J126: 24 | K126: circle | L126: auto_from_visual_nodes_avg | N126: 0 | O126: 0
A127: 완료 | B127: 여의도 | C127: 여의도 | D127: 여의도역 | E127: 5,9 | F127: =ROUND(AVERAGEIF(Station_Visual_Nodes!$D$2:$D$2000,$B127,Station_Visual_Nodes!$I$2:$I$2000)+N127,0) | G127: =ROUND(AVERAGEIF(Station_Visual_Nodes!$D$2:$D$2000,$B127,Station_Visual_Nodes!$J$2:$J$2000)+O127,0) | H127: =F127/5120*100 | I127: =G127/2880*100 | J127: 24 | K127: circle | L127: auto_from_visual_nodes_avg | N127: 0 | O127: 0
... A229: 완료 | B229: 몽촌토성 | C229: 몽촌토성 | D229: 몽촌토성역 | E229: 8 | F229: =ROUND(AVERAGEIF(Station_Visual_Nodes!$D$2:$D$2000,$B229,Station_Visual_Nodes!$I$2:$I$2000)+N229,0) | G229: =ROUND(AVERAGEIF(Station_Visual_Nodes!$D$2:$D$2000,$B229,Station_Visual_Nodes!$J$2:$J$2000)+O229,0) | H229: =F229/5120*100 | I229: =G229/2880*100 | J229: 24 | K229: circle | L229: auto_from_visual_nodes_avg | N229: 0 | O229: 0
A230: 완료 | B230: 석촌 | C230: 석촌 | D230: 석촌역 | E230: 8,9 | F230: 3130 | G230: 1964 | H230: =F230/5120*100 | I230: =G230/2880*100 | J230: 24 | K230: circle | L230: auto_from_visual_nodes_avg | N230: 0 | O230: 0
A231: 완료 | B231: 송파 | C231: 송파 | D231: 송파역 | E231: 8 | F231: =ROUND(AVERAGEIF(Station_Visual_Nodes!$D$2:$D$2000,$B231,Station_Visual_Nodes!$I$2:$I$2000)+N231,0) | G231: =ROUND(AVERAGEIF(Station_Visual_Nodes!$D$2:$D$2000,$B231,Station_Visual_Nodes!$J$2:$J$2000)+O231,0) | H231: =F231/5120*100 | I231: =G231/2880*100 | J231: 24 | K231: circle | L231: auto_from_visual_nodes_avg | N231: 0 | O231: 0
A232: 완료 | B232: 문정 | C232: 문정 | D232: 문정역 | E232: 8 | F232: =ROUND(AVERAGEIF(Station_Visual_Nodes!$D$2:$D$2000,$B232,Station_Visual_Nodes!$I$2:$I$2000)+N232,0) | G232: =ROUND(AVERAGEIF(Station_Visual_Nodes!$D$2:$D$2000,$B232,Station_Visual_Nodes!$J$2:$J$2000)+O232,0) | H232: =F232/5120*100 | I232: =G232/2880*100 | J232: 24 | K232: circle | L232: auto_from_visual_nodes_avg | N232: 0 | O232: 0
A233: 완료 | B233: 장지 | C233: 장지 | D233: 장지역 | E233: 8 | F233: =ROUND(AVERAGEIF(Station_Visual_Nodes!$D$2:$D$2000,$B233,Station_Visual_Nodes!$I$2:$I$2000)+N233,0) | G233: =ROUND(AVERAGEIF(Station_Visual_Nodes!$D$2:$D$2000,$B233,Station_Visual_Nodes!$J$2:$J$2000)+O233,0) | H233: =F233/5120*100 | I233: =G233/2880*100 | J233: 24 | K233: circle | L233: auto_from_visual_nodes_avg | N233: 0 | O233: 0
A234: 완료 | B234: 복정 | C234: 복정 | D234: 복정역 | E234: 8 | F234: =ROUND(AVERAGEIF(Station_Visual_Nodes!$D$2:$D$2000,$B234,Station_Visual_Nodes!$I$2:$I$2000)+N234,0) | G234: =ROUND(AVERAGEIF(Station_Visual_Nodes!$D$2:$D$2000,$B234,Station_Visual_Nodes!$J$2:$J$2000)+O234,0) | H234: =F234/5120*100 | I234: =G234/2880*100 | J234: 24 | K234: circle | L234: auto_from_visual_nodes_avg | N234: 0 | O234: 0
A235: 완료 | B235: 남위례 | C235: 남위례 | D235: 남위례역 | E235: 8 | F235: =ROUND(AVERAGEIF(Station_Visual_Nodes!$D$2:$D$2000,$B235,Station_Visual_Nodes!$I$2:$I$2000)+N235,0) | G235: =ROUND(AVERAGEIF(Station_Visual_Nodes!$D$2:$D$2000,$B235,Station_Visual_Nodes!$J$2:$J$2000)+O235,0) | H235: =F235/5120*100 | I235: =G235/2880*100 | J235: 24 | K235: circle | L235: auto_from_visual_nodes_avg | N235: 0 | O235: 0
A236: 완료 | B236: 산성 | C236: 산성 | D236: 산성역 | E236: 8 | F236: =ROUND(AVERAGEIF(Station_Visual_Nodes!$D$2:$D$2000,$B236,Station_Visual_Nodes!$I$2:$I$2000)+N236,0) | G236: =ROUND(AVERAGEIF(Station_Visual_Nodes!$D$2:$D$2000,$B236,Station_Visual_Nodes!$J$2:$J$2000)+O236,0) | H236: =F236/5120*100 | I236: =G236/2880*100 | J236: 24 | K236: circle | L236: auto_from_visual_nodes_avg | N236: 0 | O236: 0
A237: 완료 | B237: 남한산성입구 | C237: 남한산성입구 | D237: 남한산성입구역 | E237: 8 | F237: =ROUND(AVERAGEIF(Station_Visual_Nodes!$D$2:$D$2000,$B237,Station_Visual_Nodes!$I$2:$I$2000)+N237,0) | G237: =ROUND(AVERAGEIF(Station_Visual_Nodes!$D$2:$D$2000,$B237,Station_Visual_Nodes!$J$2:$J$2000)+O237,0) | H237: =F237/5120*100 | I237: =G237/2880*100 | J237: 24 | K237: circle | L237: auto_from_visual_nodes_avg | N237: 0 | O237: 0
A238: 완료 | B238: 단대오거리 | C238: 단대오거리 | D238: 단대오거리역 | E238: 8 | F238: =ROUND(AVERAGEIF(Station_Visual_Nodes!$D$2:$D$2000,$B238,Station_Visual_Nodes!$I$2:$I$2000)+N238,0) | G238: =ROUND(AVERAGEIF(Station_Visual_Nodes!$D$2:$D$2000,$B238,Station_Visual_Nodes!$J$2:$J$2000)+O238,0) | H238: =F238/5120*100 | I238: =G238/2880*100 | J238: 24 | K238: circle | L238: auto_from_visual_nodes_avg | N238: 0 | O238: 0
A239: 완료 | B239: 신흥 | C239: 신흥 | D239: 신흥역 | E239: 8 | F239: =ROUND(AVERAGEIF(Station_Visual_Nodes!$D$2:$D$2000,$B239,Station_Visual_Nodes!$I$2:$I$2000)+N239,0) | G239: =ROUND(AVERAGEIF(Station_Visual_Nodes!$D$2:$D$2000,$B239,Station_Visual_Nodes!$J$2:$J$2000)+O239,0) | H239: =F239/5120*100 | I239: =G239/2880*100 | J239: 24 | K239: circle | L239: auto_from_visual_nodes_avg | N239: 0 | O239: 0
A240: 완료 | B240: 수진 | C240: 수진 | D240: 수진역 | E240: 8 | F240: =ROUND(AVERAGEIF(Station_Visual_Nodes!$D$2:$D$2000,$B240,Station_Visual_Nodes!$I$2:$I$2000)+N240,0) | G240: =ROUND(AVERAGEIF(Station_Visual_Nodes!$D$2:$D$2000,$B240,Station_Visual_Nodes!$J$2:$J$2000)+O240,0) | H240: =F240/5120*100 | I240: =G240/2880*100 | J240: 24 | K240: circle | L240: auto_from_visual_nodes_avg | N240: 0 | O240: 0
A241: 완료 | B241: 모란 | C241: 모란 | D241: 모란역 | E241: 8 | F241: =ROUND(AVERAGEIF(Station_Visual_Nodes!$D$2:$D$2000,$B241,Station_Visual_Nodes!$I$2:$I$2000)+N241,0) | G241: =ROUND(AVERAGEIF(Station_Visual_Nodes!$D$2:$D$2000,$B241,Station_Visual_Nodes!$J$2:$J$2000)+O241,0) | H241: =F241/5120*100 | I241: =G241/2880*100 | J241: 24 | K241: circle | L241: auto_from_visual_nodes_avg | N241: 0 | O241: 0
A242: 완료 | B242: 개화 | C242: 개화 | D242: 개화역 | E242: 9 | F242: 688 | G242: 800 | H242: =F242/5120*100 | I242: =G242/2880*100 | J242: 24 | K242: circle | L242: auto_from_visual_nodes | N242: 0 | O242: 0
A243: 완료 | B243: 공항시장 | C243: 공항시장 | D243: 공항시장역 | E243: 9 | F243: 888 | G243: 960 | H243: =F243/5120*100 | I243: =G243/2880*100 | J243: 24 | K243: circle | L243: auto_from_visual_nodes | N243: 0 | O243: 0
A244: 완료 | B244: 신방화 | C244: 신방화 | D244: 신방화역 | E244: 9 | F244: 942 | G244: 1014 | H244: =F244/5120*100 | I244: =G244/2880*100 | J244: 24 | K244: circle | L244: auto_from_visual_nodes | N244: 0 | O244: 0
A245: 완료 | B245: 마곡나루 | C245: 마곡나루 | D245: 마곡나루역 | E245: 9 | F245: 996 | G245: 1068 | H245: =F245/5120*100 | I245: =G245/2880*100 | J245: 24 | K245: circle | L245: auto_from_visual_nodes | N245: 0 | O245: 0
A246: 완료 | B246: 양천향교 | C246: 양천향교 | D246: 양천향교역 | E246: 9 | F246: 1048 | G246: 1122 | H246: =F246/5120*100 | I246: =G246/2880*100 | J246: 24 | K246: circle | L246: auto_from_visual_nodes | N246: 0 | O246: 0
A247: 완료 | B247: 가양 | C247: 가양 | D247: 가양역 | E247: 9 | F247: 1102 | G247: 1176 | H247: =F247/5120*100 | I247: =G247/2880*100 | J247: 24 | K247: circle | L247: auto_from_visual_nodes | N247: 0 | O247: 0
A248: 완료 | B248: 증미 | C248: 증미 | D248: 증미역 | E248: 9 | F248: 1156 | G248: 1230 | H248: =F248/5120*100 | I248: =G248/2880*100 | J248: 24 | K248: circle | L248: auto_from_visual_nodes | N248: 0 | O248: 0
A249: 완료 | B249: 등촌 | C249: 등촌 | D249: 등촌역 | E249: 9 | F249: 1210 | G249: 1284 | H249: =F249/5120*100 | I249: =G249/2880*100 | J249: 24 | K249: circle | L249: auto_from_visual_nodes | N249: 0 | O249: 0
A250: 완료 | B250: 염창 | C250: 염창 | D250: 염창역 | E250: 9 | F250: 1264 | G250: 1338 | H250: =F250/5120*100 | I250: =G250/2880*100 | J250: 24 | K250: circle | L250: auto_from_visual_nodes | N250: 0 | O250: 0
A251: 완료 | B251: 신목동 | C251: 신목동 | D251: 신목동역 | E251: 9 | F251: 1316 | G251: 1392 | H251: =F251/5120*100 | I251: =G251/2880*100 | J251: 24 | K251: circle | L251: auto_from_visual_nodes | N251: 0 | O251: 0
A252: 완료 | B252: 선유도 | C252: 선유도 | D252: 선유도역 | E252: 9 | F252: 1370 | G252: 1446 | H252: =F252/5120*100 | I252: =G252/2880*100 | J252: 24 | K252: circle | L252: auto_from_visual_nodes | N252: 0 | O252: 0
A253: 완료 | B253: 국회의사당 | C253: 국회의사당 | D253: 국회의사당역 | E253: 9 | F253: 1554 | G253: 1624 | H253: =F253/5120*100 | I253: =G253/2880*100 | J253: 24 | K253: circle | L253: auto_from_visual_nodes | N253: 0 | O253: 0
... A271: 완료 | B271: 중앙보훈병원 | C271: 중앙보훈병원 | D271: 중앙보훈병원역 | E271: 9 | F271: 4060 | G271: 1964 | H271: =F271/5120*100 | I271: =G271/2880*100 | J271: 24 | K271: circle | L271: auto_from_visual_nodes | N271: 0 | O271: 0

Sheet Station_Labels
A1: mark_status | B1: station_key | C1: station_name | D1: display_name | E1: available_lines | F1: label_x_px | G1: label_y_px | H1: label_x_pct | I1: label_y_pct | J1: label_size_px | K1: label_weight | L1: label_anchor | M1: label_rotation | N1: source_method | O1: memo | P1: label_dx | Q1: label_dy
A2: 완료 | B2: 서울역 | C2: 서울역 | D2: 서울역 | E2: 1,4 | F2: =ROUND(AVERAGEIF(Station_Visual_Nodes!$D$2:$D$2000,$B2,Station_Visual_Nodes!$I$2:$I$2000)+P2,0) | G2: =ROUND(AVERAGEIF(Station_Visual_Nodes!$D$2:$D$2000,$B2,Station_Visual_Nodes!$J$2:$J$2000)+Q2,0) | H2: =F2/5120*100 | I2: =G2/2880*100 | J2: 12 | K2: bold | L2: center | M2: 0 | N2: default_from_click_area | P2: 0 | Q2: 0
A3: 완료 | B3: 시청 | C3: 시청 | D3: 시청역 | E3: 1,2 | F3: =ROUND(AVERAGEIF(Station_Visual_Nodes!$D$2:$D$2000,$B3,Station_Visual_Nodes!$I$2:$I$2000)+P3,0) | G3: =ROUND(AVERAGEIF(Station_Visual_Nodes!$D$2:$D$2000,$B3,Station_Visual_Nodes!$J$2:$J$2000)+Q3,0) | H3: =F3/5120*100 | I3: =G3/2880*100 | J3: 12 | K3: bold | L3: center | M3: 0 | N3: default_from_click_area | P3: 0 | Q3: 0
A4: 완료 | B4: 종각 | C4: 종각 | D4: 종각역 | E4: 1 | F4: =ROUND(AVERAGEIF(Station_Visual_Nodes!$D$2:$D$2000,$B4,Station_Visual_Nodes!$I$2:$I$2000)+P4,0) | G4: =ROUND(AVERAGEIF(Station_Visual_Nodes!$D$2:$D$2000,$B4,Station_Visual_Nodes!$J$2:$J$2000)+Q4,0) | H4: =F4/5120*100 | I4: =G4/2880*100 | J4: 10.5 | K4: normal | L4: center | M4: 0 | N4: default_from_click_area | P4: 0 | Q4: 0
A5: 완료 | B5: 종로3가 | C5: 종로3가 | D5: 종로3가역 | E5: 1,3,5 | F5: =ROUND(AVERAGEIF(Station_Visual_Nodes!$D$2:$D$2000,$B5,Station_Visual_Nodes!$I$2:$I$2000)+P5,0) | G5: =ROUND(AVERAGEIF(Station_Visual_Nodes!$D$2:$D$2000,$B5,Station_Visual_Nodes!$J$2:$J$2000)+Q5,0) | H5: =F5/5120*100 | I5: =G5/2880*100 | J5: 13 | K5: bold | L5: center | M5: 0 | N5: default_from_click_area | P5: 0 | Q5: 0
A6: 완료 | B6: 종로5가 | C6: 종로5가 | D6: 종로5가역 | E6: 1 | F6: 2206 | G6: =ROUND(AVERAGEIF(Station_Visual_Nodes!$D$2:$D$2000,$B6,Station_Visual_Nodes!$J$2:$J$2000)+Q6,0) | H6: =F6/5120*100 | I6: =G6/2880*100 | J6: 10.5 | K6: normal | L6: center | M6: 0 | N6: default_from_click_area | P6: 0 | Q6: 0
A7: 완료 | B7: 동대문 | C7: 동대문 | D7: 동대문역 | E7: 1,4 | F7: =ROUND(AVERAGEIF(Station_Visual_Nodes!$D$2:$D$2000,$B7,Station_Visual_Nodes!$I$2:$I$2000)+P7,0) | G7: =ROUND(AVERAGEIF(Station_Visual_Nodes!$D$2:$D$2000,$B7,Station_Visual_Nodes!$J$2:$J$2000)+Q7,0) | H7: =F7/5120*100 | I7: =G7/2880*100 | J7: 12 | K7: bold | L7: center | M7: 0 | N7: default_from_click_area | P7: 0 | Q7: 0
A8: 완료 | B8: 동묘앞 | C8: 동묘앞 | D8: 동묘앞역 | E8: 1,6 | F8: =ROUND(AVERAGEIF(Station_Visual_Nodes!$D$2:$D$2000,$B8,Station_Visual_Nodes!$I$2:$I$2000)+P8,0) | G8: =ROUND(AVERAGEIF(Station_Visual_Nodes!$D$2:$D$2000,$B8,Station_Visual_Nodes!$J$2:$J$2000)+Q8,0) | H8: =F8/5120*100 | I8: =G8/2880*100 | J8: 12 | K8: bold | L8: center | M8: 0 | N8: default_from_click_area | P8: 0 | Q8: 0
A9: 완료 | B9: 신설동 | C9: 신설동 | D9: 신설동역 | E9: 1,2 | F9: =ROUND(AVERAGEIF(Station_Visual_Nodes!$D$2:$D$2000,$B9,Station_Visual_Nodes!$I$2:$I$2000)+P9,0) | G9: =ROUND(AVERAGEIF(Station_Visual_Nodes!$D$2:$D$2000,$B9,Station_Visual_Nodes!$J$2:$J$2000)+Q9,0) | H9: =F9/5120*100 | I9: =G9/2880*100 | J9: 12 | K9: bold | L9: center | M9: 0 | N9: default_from_click_area | P9: 0 | Q9: 0
A10: 완료 | B10: 제기동 | C10: 제기동 | D10: 제기동역 | E10: 1 | F10: =ROUND(AVERAGEIF(Station_Visual_Nodes!$D$2:$D$2000,$B10,Station_Visual_Nodes!$I$2:$I$2000)+P10,0) | G10: =ROUND(AVERAGEIF(Station_Visual_Nodes!$D$2:$D$2000,$B10,Station_Visual_Nodes!$J$2:$J$2000)+Q10,0) | H10: =F10/5120*100 | I10: =G10/2880*100 | J10: 10.5 | K10: normal | L10: center | M10: 0 | N10: default_from_click_area | P10: 0 | Q10: 0
A11: 완료 | B11: 청량리 | C11: 청량리 | D11: 청량리역 | E11: 1 | F11: =ROUND(AVERAGEIF(Station_Visual_Nodes!$D$2:$D$2000,$B11,Station_Visual_Nodes!$I$2:$I$2000)+P11,0) | G11: =ROUND(AVERAGEIF(Station_Visual_Nodes!$D$2:$D$2000,$B11,Station_Visual_Nodes!$J$2:$J$2000)+Q11,0) | H11: =F11/5120*100 | I11: =G11/2880*100 | J11: 10.5 | K11: normal | L11: center | M11: 0 | N11: default_from_click_area | P11: 0 | Q11: 0
A12: 완료 | B12: 을지로입구 | C12: 을지로입구 | D12: 을지로입구역 | E12: 2 | F12: =ROUND(AVERAGEIF(Station_Visual_Nodes!$D$2:$D$2000,$B12,Station_Visual_Nodes!$I$2:$I$2000)+P12,0) | G12: =ROUND(AVERAGEIF(Station_Visual_Nodes!$D$2:$D$2000,$B12,Station_Visual_Nodes!$J$2:$J$2000)+Q12,0) | H12: =F12/5120*100 | I12: =G12/2880*100 | J12: 10.5 | K12: normal | L12: center | M12: 0 | N12: default_from_click_area | O12: 역명 가로 -5 (5px 겹침 방지, D-068) | P12: -5 | Q12: 0
A13: 완료 | B13: 을지로3가 | C13: 을지로3가 | D13: 을지로3가역 | E13: 2,3 | F13: =ROUND(AVERAGEIF(Station_Visual_Nodes!$D$2:$D$2000,$B13,Station_Visual_Nodes!$I$2:$I$2000)+P13,0) | G13: =ROUND(AVERAGEIF(Station_Visual_Nodes!$D$2:$D$2000,$B13,Station_Visual_Nodes!$J$2:$J$2000)+Q13,0) | H13: =F13/5120*100 | I13: =G13/2880*100 | J13: 12 | K13: bold | L13: center | M13: 0 | N13: default_from_click_area | P13: 0 | Q13: 0
A14: 완료 | B14: 을지로4가 | C14: 을지로4가 | D14: 을지로4가역 | E14: 2,5 | F14: =ROUND(AVERAGEIF(Station_Visual_Nodes!$D$2:$D$2000,$B14,Station_Visual_Nodes!$I$2:$I$2000)+P14,0) | G14: =ROUND(AVERAGEIF(Station_Visual_Nodes!$D$2:$D$2000,$B14,Station_Visual_Nodes!$J$2:$J$2000)+Q14,0) | H14: =F14/5120*100 | I14: =G14/2880*100 | J14: 12 | K14: bold | L14: center | M14: 0 | N14: default_from_click_area | O14: 역명 가로 -10 (5px 겹침 방지, D-068) | P14: -10 | Q14: 0
A15: 완료 | B15: 동대문역사문화공원 | C15: 동대문역사문화공원 | D15: 동대문역사문화공원역 | E15: 2,4,5 | F15: =ROUND(AVERAGEIF(Station_Visual_Nodes!$D$2:$D$2000,$B15,Station_Visual_Nodes!$I$2:$I$2000)+P15,0) | G15: =ROUND(AVERAGEIF(Station_Visual_Nodes!$D$2:$D$2000,$B15,Station_Visual_Nodes!$J$2:$J$2000)+Q15,0) | H15: =F15/5120*100 | I15: =G15/2880*100 | J15: 13 | K15: bold | L15: center | M15: 0 | N15: default_from_click_area | O15: 역명 가로 +13 (5px 겹침 방지, D-068) | P15: 13 | Q15: 0
A16: 완료 | B16: 신당 | C16: 신당 | D16: 신당역 | E16: 2,6 | F16: =ROUND(AVERAGEIF(Station_Visual_Nodes!$D$2:$D$2000,$B16,Station_Visual_Nodes!$I$2:$I$2000)+P16,0) | G16: =ROUND(AVERAGEIF(Station_Visual_Nodes!$D$2:$D$2000,$B16,Station_Visual_Nodes!$J$2:$J$2000)+Q16,0) | H16: =F16/5120*100 | I16: =G16/2880*100 | J16: 12 | K16: bold | L16: center | M16: 0 | N16: default_from_click_area | P16: 0 | Q16: 0
A17: 완료 | B17: 상왕십리 | C17: 상왕십리 | D17: 상왕십리역 | E17: 2 | F17: =ROUND(AVERAGEIF(Station_Visual_Nodes!$D$2:$D$2000,$B17,Station_Visual_Nodes!$I$2:$I$2000)+P17,0) | G17: =ROUND(AVERAGEIF(Station_Visual_Nodes!$D$2:$D$2000,$B17,Station_Visual_Nodes!$J$2:$J$2000)+Q17,0) | H17: =F17/5120*100 | I17: =G17/2880*100 | J17: 10.5 | K17: normal | L17: center | M17: 0 | N17: default_from_click_area | P17: 0 | Q17: 0
A18: 완료 | B18: 왕십리 | C18: 왕십리 | D18: 왕십리역 | E18: 2,5 | F18: =ROUND(AVERAGEIF(Station_Visual_Nodes!$D$2:$D$2000,$B18,Station_Visual_Nodes!$I$2:$I$2000)+P18,0) | G18: =ROUND(AVERAGEIF(Station_Visual_Nodes!$D$2:$D$2000,$B18,Station_Visual_Nodes!$J$2:$J$2000)+Q18,0) | H18: =F18/5120*100 | I18: =G18/2880*100 | J18: 12 | K18: bold | L18: center | M18: 0 | N18: default_from_click_area | P18: 0 | Q18: 0
A19: 완료 | B19: 한양대 | C19: 한양대 | D19: 한양대역 | E19: 2 | F19: 2816 | G19: 1194 | H19: =F19/5120*100 | I19: =G19/2880*100 | J19: 10.5 | K19: normal | L19: center | M19: 0 | N19: default_from_click_area | P19: 0 | Q19: 0
A20: 완료 | B20: 뚝섬 | C20: 뚝섬 | D20: 뚝섬역 | E20: 2 | F20: 2896 | G20: 1244 | H20: =F20/5120*100 | I20: =G20/2880*100 | J20: 10.5 | K20: normal | L20: center | M20: 0 | N20: default_from_click_area | P20: 0 | Q20: 0
A21: 완료 | B21: 성수 | C21: 성수 | D21: 성수역 | E21: 2 | F21: =ROUND(AVERAGEIF(Station_Visual_Nodes!$D$2:$D$2000,$B21,Station_Visual_Nodes!$I$2:$I$2000)+P21,0) | G21: =ROUND(AVERAGEIF(Station_Visual_Nodes!$D$2:$D$2000,$B21,Station_Visual_Nodes!$J$2:$J$2000)+Q21,0) | H21: =F21/5120*100 | I21: =G21/2880*100 | J21: 10.5 | K21: normal | L21: center | M21: 0 | N21: default_from_click_area | P21: 0 | Q21: 0
A22: 완료 | B22: 건대입구 | C22: 건대입구 | D22: 건대입구역 | E22: 2,7 | F22: =ROUND(AVERAGEIF(Station_Visual_Nodes!$D$2:$D$2000,$B22,Station_Visual_Nodes!$I$2:$I$2000)+P22,0) | G22: =ROUND(AVERAGEIF(Station_Visual_Nodes!$D$2:$D$2000,$B22,Station_Visual_Nodes!$J$2:$J$2000)+Q22,0) | H22: =F22/5120*100 | I22: =G22/2880*100 | J22: 12 | K22: bold | L22: center | M22: 0 | N22: default_from_click_area | P22: 0 | Q22: 0
A23: 완료 | B23: 구의 | C23: 구의 | D23: 구의역 | E23: 2 | F23: =ROUND(AVERAGEIF(Station_Visual_Nodes!$D$2:$D$2000,$B23,Station_Visual_Nodes!$I$2:$I$2000)+P23,0) | G23: =ROUND(AVERAGEIF(Station_Visual_Nodes!$D$2:$D$2000,$B23,Station_Visual_Nodes!$J$2:$J$2000)+Q23,0) | H23: =F23/5120*100 | I23: =G23/2880*100 | J23: 10.5 | K23: normal | L23: center | M23: 0 | N23: default_from_click_area | P23: 0 | Q23: 0
A24: 완료 | B24: 강변 | C24: 강변 | D24: 강변역 | E24: 2 | F24: =ROUND(AVERAGEIF(Station_Visual_Nodes!$D$2:$D$2000,$B24,Station_Visual_Nodes!$I$2:$I$2000)+P24,0) | G24: =ROUND(AVERAGEIF(Station_Visual_Nodes!$D$2:$D$2000,$B24,Station_Visual_Nodes!$J$2:$J$2000)+Q24,0) | H24: =F24/5120*100 | I24: =G24/2880*100 | J24: 10.5 | K24: normal | L24: center | M24: 0 | N24: default_from_click_area | P24: 0 | Q24: 0
A25: 완료 | B25: 잠실나루 | C25: 잠실나루 | D25: 잠실나루역 | E25: 2 | F25: =ROUND(AVERAGEIF(Station_Visual_Nodes!$D$2:$D$2000,$B25,Station_Visual_Nodes!$I$2:$I$2000)+P25,0) | G25: =ROUND(AVERAGEIF(Station_Visual_Nodes!$D$2:$D$2000,$B25,Station_Visual_Nodes!$J$2:$J$2000)+Q25,0) | H25: =F25/5120*100 | I25: =G25/2880*100 | J25: 10.5 | K25: normal | L25: center | M25: 0 | N25: default_from_click_area | P25: 0 | Q25: 0
A26: 완료 | B26: 잠실 | C26: 잠실 | D26: 잠실역 | E26: 2,8 | F26: =ROUND(AVERAGEIF(Station_Visual_Nodes!$D$2:$D$2000,$B26,Station_Visual_Nodes!$I$2:$I$2000)+P26,0) | G26: =ROUND(AVERAGEIF(Station_Visual_Nodes!$D$2:$D$2000,$B26,Station_Visual_Nodes!$J$2:$J$2000)+Q26,0) | H26: =F26/5120*100 | I26: =G26/2880*100 | J26: 12 | K26: bold | L26: center | M26: 0 | N26: default_from_click_area | P26: 0 | Q26: 0
A27: 완료 | B27: 잠실새내 | C27: 잠실새내 | D27: 잠실새내역 | E27: 2 | F27: =ROUND(AVERAGEIF(Station_Visual_Nodes!$D$2:$D$2000,$B27,Station_Visual_Nodes!$I$2:$I$2000)+P27,0) | G27: =ROUND(AVERAGEIF(Station_Visual_Nodes!$D$2:$D$2000,$B27,Station_Visual_Nodes!$J$2:$J$2000)+Q27,0) | H27: =F27/5120*100 | I27: =G27/2880*100 | J27: 10.5 | K27: normal | L27: center | M27: 0 | N27: default_from_click_area | P27: 0 | Q27: 0
A28: 완료 | B28: 종합운동장 | C28: 종합운동장 | D28: 종합운동장역 | E28: 2,9 | F28: =ROUND(AVERAGEIF(Station_Visual_Nodes!$D$2:$D$2000,$B28,Station_Visual_Nodes!$I$2:$I$2000)+P28,0) | G28: =ROUND(AVERAGEIF(Station_Visual_Nodes!$D$2:$D$2000,$B28,Station_Visual_Nodes!$J$2:$J$2000)+Q28,0) | H28: =F28/5120*100 | I28: =G28/2880*100 | J28: 10.5 | K28: normal | L28: center | M28: 0 | N28: default_from_click_area | O28: 역명 가로 +2 (5px 겹침 방지, D-068) | P28: 2 | Q28: 0
A29: 완료 | B29: 삼성 | C29: 삼성 | D29: 삼성역 | E29: 2 | F29: =ROUND(AVERAGEIF(Station_Visual_Nodes!$D$2:$D$2000,$B29,Station_Visual_Nodes!$I$2:$I$2000)+P29,0) | G29: =ROUND(AVERAGEIF(Station_Visual_Nodes!$D$2:$D$2000,$B29,Station_Visual_Nodes!$J$2:$J$2000)+Q29,0) | H29: =F29/5120*100 | I29: =G29/2880*100 | J29: 10.5 | K29: normal | L29: center | M29: 0 | N29: default_from_click_area | P29: 0 | Q29: 0
A30: 완료 | B30: 선릉 | C30: 선릉 | D30: 선릉역 | E30: 2 | F30: =ROUND(AVERAGEIF(Station_Visual_Nodes!$D$2:$D$2000,$B30,Station_Visual_Nodes!$I$2:$I$2000)+P30,0) | G30: =ROUND(AVERAGEIF(Station_Visual_Nodes!$D$2:$D$2000,$B30,Station_Visual_Nodes!$J$2:$J$2000)+Q30,0) | H30: =F30/5120*100 | I30: =G30/2880*100 | J30: 10.5 | K30: normal | L30: center | M30: 0 | N30: default_from_click_area | P30: 0 | Q30: 0
A31: 완료 | B31: 역삼 | C31: 역삼 | D31: 역삼역 | E31: 2 | F31: =ROUND(AVERAGEIF(Station_Visual_Nodes!$D$2:$D$2000,$B31,Station_Visual_Nodes!$I$2:$I$2000)+P31,0) | G31: =ROUND(AVERAGEIF(Station_Visual_Nodes!$D$2:$D$2000,$B31,Station_Visual_Nodes!$J$2:$J$2000)+Q31,0) | H31: =F31/5120*100 | I31: =G31/2880*100 | J31: 10.5 | K31: normal | L31: center | M31: 0 | N31: default_from_click_area | P31: 0 | Q31: 0
A32: 완료 | B32: 강남 | C32: 강남 | D32: 강남역 | E32: 2 | F32: =ROUND(AVERAGEIF(Station_Visual_Nodes!$D$2:$D$2000,$B32,Station_Visual_Nodes!$I$2:$I$2000)+P32,0) | G32: =ROUND(AVERAGEIF(Station_Visual_Nodes!$D$2:$D$2000,$B32,Station_Visual_Nodes!$J$2:$J$2000)+Q32,0) | H32: =F32/5120*100 | I32: =G32/2880*100 | J32: 10.5 | K32: normal | L32: center | M32: 0 | N32: default_from_click_area | P32: 0 | Q32: 0
A33: 완료 | B33: 교대 | C33: 교대 | D33: 교대역 | E33: 2,3 | F33: =ROUND(AVERAGEIF(Station_Visual_Nodes!$D$2:$D$2000,$B33,Station_Visual_Nodes!$I$2:$I$2000)+P33,0) | G33: =ROUND(AVERAGEIF(Station_Visual_Nodes!$D$2:$D$2000,$B33,Station_Visual_Nodes!$J$2:$J$2000)+Q33,0) | H33: =F33/5120*100 | I33: =G33/2880*100 | J33: 12 | K33: bold | L33: center | M33: 0 | N33: default_from_click_area | P33: 0 | Q33: 0
A34: 완료 | B34: 서초 | C34: 서초 | D34: 서초역 | E34: 2 | F34: =ROUND(AVERAGEIF(Station_Visual_Nodes!$D$2:$D$2000,$B34,Station_Visual_Nodes!$I$2:$I$2000)+P34,0) | G34: =ROUND(AVERAGEIF(Station_Visual_Nodes!$D$2:$D$2000,$B34,Station_Visual_Nodes!$J$2:$J$2000)+Q34,0) | H34: =F34/5120*100 | I34: =G34/2880*100 | J34: 10.5 | K34: normal | L34: center | M34: 0 | N34: default_from_click_area | P34: 0 | Q34: 0
A35: 완료 | B35: 방배 | C35: 방배 | D35: 방배역 | E35: 2 | F35: =ROUND(AVERAGEIF(Station_Visual_Nodes!$D$2:$D$2000,$B35,Station_Visual_Nodes!$I$2:$I$2000)+P35,0) | G35: =ROUND(AVERAGEIF(Station_Visual_Nodes!$D$2:$D$2000,$B35,Station_Visual_Nodes!$J$2:$J$2000)+Q35,0) | H35: =F35/5120*100 | I35: =G35/2880*100 | J35: 10.5 | K35: normal | L35: center | M35: 0 | N35: default_from_click_area | P35: 0 | Q35: 0
A36: 완료 | B36: 사당 | C36: 사당 | D36: 사당역 | E36: 2,4 | F36: =ROUND(AVERAGEIF(Station_Visual_Nodes!$D$2:$D$2000,$B36,Station_Visual_Nodes!$I$2:$I$2000)+P36,0) | G36: =ROUND(AVERAGEIF(Station_Visual_Nodes!$D$2:$D$2000,$B36,Station_Visual_Nodes!$J$2:$J$2000)+Q36,0) | H36: =F36/5120*100 | I36: =G36/2880*100 | J36: 12 | K36: bold | L36: center | M36: 0 | N36: default_from_click_area | P36: 0 | Q36: 0
A37: 완료 | B37: 낙성대 | C37: 낙성대 | D37: 낙성대역 | E37: 2 | F37: =ROUND(AVERAGEIF(Station_Visual_Nodes!$D$2:$D$2000,$B37,Station_Visual_Nodes!$I$2:$I$2000)+P37,0) | G37: =ROUND(AVERAGEIF(Station_Visual_Nodes!$D$2:$D$2000,$B37,Station_Visual_Nodes!$J$2:$J$2000)+Q37,0) | H37: =F37/5120*100 | I37: =G37/2880*100 | J37: 10.5 | K37: normal | L37: center | M37: 0 | N37: default_from_click_area | P37: 0 | Q37: 0
A38: 완료 | B38: 서울대입구 | C38: 서울대입구 | D38: 서울대입구역 | E38: 2 | F38: =ROUND(AVERAGEIF(Station_Visual_Nodes!$D$2:$D$2000,$B38,Station_Visual_Nodes!$I$2:$I$2000)+P38,0) | G38: =ROUND(AVERAGEIF(Station_Visual_Nodes!$D$2:$D$2000,$B38,Station_Visual_Nodes!$J$2:$J$2000)+Q38,0) | H38: =F38/5120*100 | I38: =G38/2880*100 | J38: 10.5 | K38: normal | L38: center | M38: 0 | N38: default_from_click_area | P38: 0 | Q38: 0
A39: 완료 | B39: 봉천 | C39: 봉천 | D39: 봉천역 | E39: 2 | F39: =ROUND(AVERAGEIF(Station_Visual_Nodes!$D$2:$D$2000,$B39,Station_Visual_Nodes!$I$2:$I$2000)+P39,0) | G39: =ROUND(AVERAGEIF(Station_Visual_Nodes!$D$2:$D$2000,$B39,Station_Visual_Nodes!$J$2:$J$2000)+Q39,0) | H39: =F39/5120*100 | I39: =G39/2880*100 | J39: 10.5 | K39: normal | L39: center | M39: 0 | N39: default_from_click_area | P39: 0 | Q39: 0
A40: 완료 | B40: 신림 | C40: 신림 | D40: 신림역 | E40: 2 | F40: =ROUND(AVERAGEIF(Station_Visual_Nodes!$D$2:$D$2000,$B40,Station_Visual_Nodes!$I$2:$I$2000)+P40,0) | G40: =ROUND(AVERAGEIF(Station_Visual_Nodes!$D$2:$D$2000,$B40,Station_Visual_Nodes!$J$2:$J$2000)+Q40,0) | H40: =F40/5120*100 | I40: =G40/2880*100 | J40: 10.5 | K40: normal | L40: center | M40: 0 | N40: default_from_click_area | P40: 0 | Q40: 0
... A114: 완료 | B114: 개화산 | C114: 개화산 | D114: 개화산역 | E114: 5 | F114: =ROUND(AVERAGEIF(Station_Visual_Nodes!$D$2:$D$2000,$B114,Station_Visual_Nodes!$I$2:$I$2000)+P114,0) | G114: =ROUND(AVERAGEIF(Station_Visual_Nodes!$D$2:$D$2000,$B114,Station_Visual_Nodes!$J$2:$J$2000)+Q114,0) | H114: =F114/5120*100 | I114: =G114/2880*100 | J114: 10.5 | K114: normal | L114: center | M114: 0 | N114: default_from_click_area | P114: 0 | Q114: 0
A115: 완료 | B115: 김포공항 | C115: 김포공항 | D115: 김포공항역 | E115: 5,9 | F115: =ROUND(AVERAGEIF(Station_Visual_Nodes!$D$2:$D$2000,$B115,Station_Visual_Nodes!$I$2:$I$2000)+P115,0) | G115: 960 | H115: =F115/5120*100 | I115: =G115/2880*100 | J115: 10.5 | K115: normal | L115: center | M115: 0 | N115: default_from_click_area | P115: 0 | Q115: 0
A116: 완료 | B116: 송정 | C116: 송정 | D116: 송정역 | E116: 5 | F116: =ROUND(AVERAGEIF(Station_Visual_Nodes!$D$2:$D$2000,$B116,Station_Visual_Nodes!$I$2:$I$2000)+P116,0) | G116: =ROUND(AVERAGEIF(Station_Visual_Nodes!$D$2:$D$2000,$B116,Station_Visual_Nodes!$J$2:$J$2000)+Q116,0) | H116: =F116/5120*100 | I116: =G116/2880*100 | J116: 10.5 | K116: normal | L116: center | M116: 0 | N116: default_from_click_area | P116: 0 | Q116: 0
A117: 완료 | B117: 마곡 | C117: 마곡 | D117: 마곡역 | E117: 5 | F117: =ROUND(AVERAGEIF(Station_Visual_Nodes!$D$2:$D$2000,$B117,Station_Visual_Nodes!$I$2:$I$2000)+P117,0) | G117: =ROUND(AVERAGEIF(Station_Visual_Nodes!$D$2:$D$2000,$B117,Station_Visual_Nodes!$J$2:$J$2000)+Q117,0) | H117: =F117/5120*100 | I117: =G117/2880*100 | J117: 10.5 | K117: normal | L117: center | M117: 0 | N117: default_from_click_area | P117: 0 | Q117: 0
A118: 완료 | B118: 발산 | C118: 발산 | D118: 발산역 | E118: 5 | F118: =ROUND(AVERAGEIF(Station_Visual_Nodes!$D$2:$D$2000,$B118,Station_Visual_Nodes!$I$2:$I$2000)+P118,0) | G118: =ROUND(AVERAGEIF(Station_Visual_Nodes!$D$2:$D$2000,$B118,Station_Visual_Nodes!$J$2:$J$2000)+Q118,0) | H118: =F118/5120*100 | I118: =G118/2880*100 | J118: 10.5 | K118: normal | L118: center | M118: 0 | N118: default_from_click_area | P118: 0 | Q118: 0
A119: 완료 | B119: 우장산 | C119: 우장산 | D119: 우장산역 | E119: 5 | F119: =ROUND(AVERAGEIF(Station_Visual_Nodes!$D$2:$D$2000,$B119,Station_Visual_Nodes!$I$2:$I$2000)+P119,0) | G119: =ROUND(AVERAGEIF(Station_Visual_Nodes!$D$2:$D$2000,$B119,Station_Visual_Nodes!$J$2:$J$2000)+Q119,0) | H119: =F119/5120*100 | I119: =G119/2880*100 | J119: 10.5 | K119: normal | L119: center | M119: 0 | N119: default_from_click_area | P119: 0 | Q119: 0
A120: 완료 | B120: 화곡 | C120: 화곡 | D120: 화곡역 | E120: 5 | F120: =ROUND(AVERAGEIF(Station_Visual_Nodes!$D$2:$D$2000,$B120,Station_Visual_Nodes!$I$2:$I$2000)+P120,0) | G120: =ROUND(AVERAGEIF(Station_Visual_Nodes!$D$2:$D$2000,$B120,Station_Visual_Nodes!$J$2:$J$2000)+Q120,0) | H120: =F120/5120*100 | I120: =G120/2880*100 | J120: 10.5 | K120: normal | L120: center | M120: 0 | N120: default_from_click_area | P120: 0 | Q120: 0
A121: 완료 | B121: 신정 | C121: 신정 | D121: 신정역 | E121: 5 | F121: =ROUND(AVERAGEIF(Station_Visual_Nodes!$D$2:$D$2000,$B121,Station_Visual_Nodes!$I$2:$I$2000)+P121,0) | G121: =ROUND(AVERAGEIF(Station_Visual_Nodes!$D$2:$D$2000,$B121,Station_Visual_Nodes!$J$2:$J$2000)+Q121,0) | H121: =F121/5120*100 | I121: =G121/2880*100 | J121: 10.5 | K121: normal | L121: center | M121: 0 | N121: default_from_click_area | P121: 0 | Q121: 0
A122: 완료 | B122: 목동 | C122: 목동 | D122: 목동역 | E122: 5 | F122: =ROUND(AVERAGEIF(Station_Visual_Nodes!$D$2:$D$2000,$B122,Station_Visual_Nodes!$I$2:$I$2000)+P122,0) | G122: =ROUND(AVERAGEIF(Station_Visual_Nodes!$D$2:$D$2000,$B122,Station_Visual_Nodes!$J$2:$J$2000)+Q122,0) | H122: =F122/5120*100 | I122: =G122/2880*100 | J122: 10.5 | K122: normal | L122: center | M122: 0 | N122: default_from_click_area | P122: 0 | Q122: 0
A123: 완료 | B123: 오목교 | C123: 오목교 | D123: 오목교역 | E123: 5 | F123: =ROUND(AVERAGEIF(Station_Visual_Nodes!$D$2:$D$2000,$B123,Station_Visual_Nodes!$I$2:$I$2000)+P123,0) | G123: =ROUND(AVERAGEIF(Station_Visual_Nodes!$D$2:$D$2000,$B123,Station_Visual_Nodes!$J$2:$J$2000)+Q123,0) | H123: =F123/5120*100 | I123: =G123/2880*100 | J123: 10.5 | K123: normal | L123: center | M123: 0 | N123: default_from_click_area | P123: 0 | Q123: 0
A124: 완료 | B124: 양평 | C124: 양평 | D124: 양평역 | E124: 5 | F124: =ROUND(AVERAGEIF(Station_Visual_Nodes!$D$2:$D$2000,$B124,Station_Visual_Nodes!$I$2:$I$2000)+P124,0) | G124: =ROUND(AVERAGEIF(Station_Visual_Nodes!$D$2:$D$2000,$B124,Station_Visual_Nodes!$J$2:$J$2000)+Q124,0) | H124: =F124/5120*100 | I124: =G124/2880*100 | J124: 10.5 | K124: normal | L124: center | M124: 0 | N124: default_from_click_area | P124: 0 | Q124: 0
A125: 완료 | B125: 영등포시장 | C125: 영등포시장 | D125: 영등포시장역 | E125: 5 | F125: =ROUND(AVERAGEIF(Station_Visual_Nodes!$D$2:$D$2000,$B125,Station_Visual_Nodes!$I$2:$I$2000)+P125,0) | G125: =ROUND(AVERAGEIF(Station_Visual_Nodes!$D$2:$D$2000,$B125,Station_Visual_Nodes!$J$2:$J$2000)+Q125,0) | H125: =F125/5120*100 | I125: =G125/2880*100 | J125: 10.5 | K125: normal | L125: center | M125: 0 | N125: default_from_click_area | P125: 0 | Q125: 0
A126: 완료 | B126: 신길 | C126: 신길 | D126: 신길역 | E126: 5 | F126: =ROUND(AVERAGEIF(Station_Visual_Nodes!$D$2:$D$2000,$B126,Station_Visual_Nodes!$I$2:$I$2000)+P126,0) | G126: =ROUND(AVERAGEIF(Station_Visual_Nodes!$D$2:$D$2000,$B126,Station_Visual_Nodes!$J$2:$J$2000)+Q126,0) | H126: =F126/5120*100 | I126: =G126/2880*100 | J126: 10.5 | K126: normal | L126: center | M126: 0 | N126: default_from_click_area | P126: 0 | Q126: 0
A127: 완료 | B127: 여의도 | C127: 여의도 | D127: 여의도역 | E127: 5,9 | F127: =ROUND(AVERAGEIF(Station_Visual_Nodes!$D$2:$D$2000,$B127,Station_Visual_Nodes!$I$2:$I$2000)+P127,0) | G127: =ROUND(AVERAGEIF(Station_Visual_Nodes!$D$2:$D$2000,$B127,Station_Visual_Nodes!$J$2:$J$2000)+Q127,0) | H127: =F127/5120*100 | I127: =G127/2880*100 | J127: 10.5 | K127: normal | L127: center | M127: 0 | N127: default_from_click_area | P127: 0 | Q127: 0
... A219: 완료 | B219: 신풍 | C219: 신풍 | D219: 신풍역 | E219: 7 | F219: =ROUND(AVERAGEIF(Station_Visual_Nodes!$D$2:$D$2000,$B219,Station_Visual_Nodes!$I$2:$I$2000)+P219,0) | G219: =ROUND(AVERAGEIF(Station_Visual_Nodes!$D$2:$D$2000,$B219,Station_Visual_Nodes!$J$2:$J$2000)+Q219,0) | H219: =F219/5120*100 | I219: =G219/2880*100 | J219: 10.5 | K219: normal | L219: center | M219: 0 | N219: default_from_click_area | P219: 0 | Q219: 0
A220: 완료 | B220: 남구로 | C220: 남구로 | D220: 남구로역 | E220: 7 | F220: =ROUND(AVERAGEIF(Station_Visual_Nodes!$D$2:$D$2000,$B220,Station_Visual_Nodes!$I$2:$I$2000)+P220,0) | G220: =ROUND(AVERAGEIF(Station_Visual_Nodes!$D$2:$D$2000,$B220,Station_Visual_Nodes!$J$2:$J$2000)+Q220,0) | H220: =F220/5120*100 | I220: =G220/2880*100 | J220: 10.5 | K220: normal | L220: center | M220: 0 | N220: default_from_click_area | O220: 역명 가로 +7 (5px 겹침 방지, D-068) | P220: 7 | Q220: 0
A221: 완료 | B221: 가산디지털단지 | C221: 가산디지털단지 | D221: 가산디지털단지역 | E221: 7 | F221: =ROUND(AVERAGEIF(Station_Visual_Nodes!$D$2:$D$2000,$B221,Station_Visual_Nodes!$I$2:$I$2000)+P221,0) | G221: =ROUND(AVERAGEIF(Station_Visual_Nodes!$D$2:$D$2000,$B221,Station_Visual_Nodes!$J$2:$J$2000)+Q221,0) | H221: =F221/5120*100 | I221: =G221/2880*100 | J221: 10.5 | K221: normal | L221: center | M221: 0 | N221: default_from_click_area | P221: 0 | Q221: 0
A222: 완료 | B222: 철산 | C222: 철산 | D222: 철산역 | E222: 7 | F222: =ROUND(AVERAGEIF(Station_Visual_Nodes!$D$2:$D$2000,$B222,Station_Visual_Nodes!$I$2:$I$2000)+P222,0) | G222: =ROUND(AVERAGEIF(Station_Visual_Nodes!$D$2:$D$2000,$B222,Station_Visual_Nodes!$J$2:$J$2000)+Q222,0) | H222: =F222/5120*100 | I222: =G222/2880*100 | J222: 10.5 | K222: normal | L222: center | M222: 0 | N222: default_from_click_area | P222: 0 | Q222: 0
A223: 완료 | B223: 광명사거리 | C223: 광명사거리 | D223: 광명사거리역 | E223: 7 | F223: =ROUND(AVERAGEIF(Station_Visual_Nodes!$D$2:$D$2000,$B223,Station_Visual_Nodes!$I$2:$I$2000)+P223,0) | G223: =ROUND(AVERAGEIF(Station_Visual_Nodes!$D$2:$D$2000,$B223,Station_Visual_Nodes!$J$2:$J$2000)+Q223,0) | H223: =F223/5120*100 | I223: =G223/2880*100 | J223: 10.5 | K223: normal | L223: center | M223: 0 | N223: default_from_click_area | P223: 0 | Q223: 0
A224: 완료 | B224: 천왕 | C224: 천왕 | D224: 천왕역 | E224: 7 | F224: =ROUND(AVERAGEIF(Station_Visual_Nodes!$D$2:$D$2000,$B224,Station_Visual_Nodes!$I$2:$I$2000)+P224,0) | G224: =ROUND(AVERAGEIF(Station_Visual_Nodes!$D$2:$D$2000,$B224,Station_Visual_Nodes!$J$2:$J$2000)+Q224,0) | H224: =F224/5120*100 | I224: =G224/2880*100 | J224: 10.5 | K224: normal | L224: center | M224: 0 | N224: default_from_click_area | P224: 0 | Q224: 0
A225: 완료 | B225: 온수 | C225: 온수 | D225: 온수역 | E225: 7 | F225: =ROUND(AVERAGEIF(Station_Visual_Nodes!$D$2:$D$2000,$B225,Station_Visual_Nodes!$I$2:$I$2000)+P225,0) | G225: =ROUND(AVERAGEIF(Station_Visual_Nodes!$D$2:$D$2000,$B225,Station_Visual_Nodes!$J$2:$J$2000)+Q225,0) | H225: =F225/5120*100 | I225: =G225/2880*100 | J225: 10.5 | K225: normal | L225: center | M225: 0 | N225: default_from_click_area | P225: 0 | Q225: 0
A226: 완료 | B226: 암사역사공원 | C226: 암사역사공원 | D226: 암사역사공원역 | E226: 8 | F226: =ROUND(AVERAGEIF(Station_Visual_Nodes!$D$2:$D$2000,$B226,Station_Visual_Nodes!$I$2:$I$2000)+P226,0) | G226: =ROUND(AVERAGEIF(Station_Visual_Nodes!$D$2:$D$2000,$B226,Station_Visual_Nodes!$J$2:$J$2000)+Q226,0) | H226: =F226/5120*100 | I226: =G226/2880*100 | J226: 10.5 | K226: normal | L226: center | M226: 0 | N226: default_from_click_area | P226: 0 | Q226: 0
A227: 완료 | B227: 암사 | C227: 암사 | D227: 암사역 | E227: 8 | F227: =ROUND(AVERAGEIF(Station_Visual_Nodes!$D$2:$D$2000,$B227,Station_Visual_Nodes!$I$2:$I$2000)+P227,0) | G227: =ROUND(AVERAGEIF(Station_Visual_Nodes!$D$2:$D$2000,$B227,Station_Visual_Nodes!$J$2:$J$2000)+Q227,0) | H227: =F227/5120*100 | I227: =G227/2880*100 | J227: 10.5 | K227: normal | L227: center | M227: 0 | N227: default_from_click_area | P227: 0 | Q227: 0
A228: 완료 | B228: 강동구청 | C228: 강동구청 | D228: 강동구청역 | E228: 8 | F228: =ROUND(AVERAGEIF(Station_Visual_Nodes!$D$2:$D$2000,$B228,Station_Visual_Nodes!$I$2:$I$2000)+P228,0) | G228: =ROUND(AVERAGEIF(Station_Visual_Nodes!$D$2:$D$2000,$B228,Station_Visual_Nodes!$J$2:$J$2000)+Q228,0) | H228: =F228/5120*100 | I228: =G228/2880*100 | J228: 10.5 | K228: normal | L228: center | M228: 0 | N228: default_from_click_area | P228: 0 | Q228: 0
A229: 완료 | B229: 몽촌토성 | C229: 몽촌토성 | D229: 몽촌토성역 | E229: 8 | F229: =ROUND(AVERAGEIF(Station_Visual_Nodes!$D$2:$D$2000,$B229,Station_Visual_Nodes!$I$2:$I$2000)+P229,0) | G229: =ROUND(AVERAGEIF(Station_Visual_Nodes!$D$2:$D$2000,$B229,Station_Visual_Nodes!$J$2:$J$2000)+Q229,0) | H229: =F229/5120*100 | I229: =G229/2880*100 | J229: 10.5 | K229: normal | L229: center | M229: 0 | N229: default_from_click_area | P229: 0 | Q229: 0
A230: 완료 | B230: 석촌 | C230: 석촌 | D230: 석촌역 | E230: 8,9 | F230: =ROUND(AVERAGEIF(Station_Visual_Nodes!$D$2:$D$2000,$B230,Station_Visual_Nodes!$I$2:$I$2000)+P230,0) | G230: =ROUND(AVERAGEIF(Station_Visual_Nodes!$D$2:$D$2000,$B230,Station_Visual_Nodes!$J$2:$J$2000)+Q230,0) | H230: =F230/5120*100 | I230: =G230/2880*100 | J230: 10.5 | K230: normal | L230: center | M230: 0 | N230: default_from_click_area | P230: 0 | Q230: 0
A231: 완료 | B231: 송파 | C231: 송파 | D231: 송파역 | E231: 8 | F231: =ROUND(AVERAGEIF(Station_Visual_Nodes!$D$2:$D$2000,$B231,Station_Visual_Nodes!$I$2:$I$2000)+P231,0) | G231: =ROUND(AVERAGEIF(Station_Visual_Nodes!$D$2:$D$2000,$B231,Station_Visual_Nodes!$J$2:$J$2000)+Q231,0) | H231: =F231/5120*100 | I231: =G231/2880*100 | J231: 10.5 | K231: normal | L231: center | M231: 0 | N231: default_from_click_area | P231: 0 | Q231: 0
A232: 완료 | B232: 문정 | C232: 문정 | D232: 문정역 | E232: 8 | F232: =ROUND(AVERAGEIF(Station_Visual_Nodes!$D$2:$D$2000,$B232,Station_Visual_Nodes!$I$2:$I$2000)+P232,0) | G232: =ROUND(AVERAGEIF(Station_Visual_Nodes!$D$2:$D$2000,$B232,Station_Visual_Nodes!$J$2:$J$2000)+Q232,0) | H232: =F232/5120*100 | I232: =G232/2880*100 | J232: 10.5 | K232: normal | L232: center | M232: 0 | N232: default_from_click_area | P232: 0 | Q232: 0
... A241: 완료 | B241: 모란 | C241: 모란 | D241: 모란역 | E241: 8 | F241: =ROUND(AVERAGEIF(Station_Visual_Nodes!$D$2:$D$2000,$B241,Station_Visual_Nodes!$I$2:$I$2000)+P241,0) | G241: =ROUND(AVERAGEIF(Station_Visual_Nodes!$D$2:$D$2000,$B241,Station_Visual_Nodes!$J$2:$J$2000)+Q241,0) | H241: =F241/5120*100 | I241: =G241/2880*100 | J241: 10.5 | K241: normal | L241: center | M241: 0 | N241: default_from_click_area | P241: 0 | Q241: 0
A242: 완료 | B242: 개화 | C242: 개화 | D242: 개화역 | E242: 9 | F242: 688 | G242: 800 | H242: =F242/5120*100 | I242: =G242/2880*100 | J242: 10.5 | K242: normal | L242: center | M242: 0 | N242: default_from_visual_nodes | P242: 0 | Q242: 0
A243: 완료 | B243: 공항시장 | C243: 공항시장 | D243: 공항시장역 | E243: 9 | F243: =ROUND(AVERAGEIF(Station_Visual_Nodes!$D$2:$D$2000,$B243,Station_Visual_Nodes!$I$2:$I$2000)+P243,0) | G243: =ROUND(AVERAGEIF(Station_Visual_Nodes!$D$2:$D$2000,$B243,Station_Visual_Nodes!$J$2:$J$2000)+Q243,0) | H243: =F243/5120*100 | I243: =G243/2880*100 | J243: 10.5 | K243: normal | L243: center | M243: 0 | N243: default_from_visual_nodes | P243: 0 | Q243: 0
A244: 완료 | B244: 신방화 | C244: 신방화 | D244: 신방화역 | E244: 9 | F244: =ROUND(AVERAGEIF(Station_Visual_Nodes!$D$2:$D$2000,$B244,Station_Visual_Nodes!$I$2:$I$2000)+P244,0) | G244: =ROUND(AVERAGEIF(Station_Visual_Nodes!$D$2:$D$2000,$B244,Station_Visual_Nodes!$J$2:$J$2000)+Q244,0) | H244: =F244/5120*100 | I244: =G244/2880*100 | J244: 10.5 | K244: normal | L244: center | M244: 0 | N244: default_from_visual_nodes | P244: 0 | Q244: 0
A245: 완료 | B245: 마곡나루 | C245: 마곡나루 | D245: 마곡나루역 | E245: 9 | F245: =ROUND(AVERAGEIF(Station_Visual_Nodes!$D$2:$D$2000,$B245,Station_Visual_Nodes!$I$2:$I$2000)+P245,0) | G245: =ROUND(AVERAGEIF(Station_Visual_Nodes!$D$2:$D$2000,$B245,Station_Visual_Nodes!$J$2:$J$2000)+Q245,0) | H245: =F245/5120*100 | I245: =G245/2880*100 | J245: 10.5 | K245: normal | L245: center | M245: 0 | N245: default_from_visual_nodes | P245: 0 | Q245: 0
A246: 완료 | B246: 양천향교 | C246: 양천향교 | D246: 양천향교역 | E246: 9 | F246: =ROUND(AVERAGEIF(Station_Visual_Nodes!$D$2:$D$2000,$B246,Station_Visual_Nodes!$I$2:$I$2000)+P246,0) | G246: =ROUND(AVERAGEIF(Station_Visual_Nodes!$D$2:$D$2000,$B246,Station_Visual_Nodes!$J$2:$J$2000)+Q246,0) | H246: =F246/5120*100 | I246: =G246/2880*100 | J246: 10.5 | K246: normal | L246: center | M246: 0 | N246: default_from_visual_nodes | P246: 0 | Q246: 0
A247: 완료 | B247: 가양 | C247: 가양 | D247: 가양역 | E247: 9 | F247: =ROUND(AVERAGEIF(Station_Visual_Nodes!$D$2:$D$2000,$B247,Station_Visual_Nodes!$I$2:$I$2000)+P247,0) | G247: =ROUND(AVERAGEIF(Station_Visual_Nodes!$D$2:$D$2000,$B247,Station_Visual_Nodes!$J$2:$J$2000)+Q247,0) | H247: =F247/5120*100 | I247: =G247/2880*100 | J247: 10.5 | K247: normal | L247: center | M247: 0 | N247: default_from_visual_nodes | P247: 0 | Q247: 0
A248: 완료 | B248: 증미 | C248: 증미 | D248: 증미역 | E248: 9 | F248: =ROUND(AVERAGEIF(Station_Visual_Nodes!$D$2:$D$2000,$B248,Station_Visual_Nodes!$I$2:$I$2000)+P248,0) | G248: =ROUND(AVERAGEIF(Station_Visual_Nodes!$D$2:$D$2000,$B248,Station_Visual_Nodes!$J$2:$J$2000)+Q248,0) | H248: =F248/5120*100 | I248: =G248/2880*100 | J248: 10.5 | K248: normal | L248: center | M248: 0 | N248: default_from_visual_nodes | P248: 0 | Q248: 0
A249: 완료 | B249: 등촌 | C249: 등촌 | D249: 등촌역 | E249: 9 | F249: =ROUND(AVERAGEIF(Station_Visual_Nodes!$D$2:$D$2000,$B249,Station_Visual_Nodes!$I$2:$I$2000)+P249,0) | G249: =ROUND(AVERAGEIF(Station_Visual_Nodes!$D$2:$D$2000,$B249,Station_Visual_Nodes!$J$2:$J$2000)+Q249,0) | H249: =F249/5120*100 | I249: =G249/2880*100 | J249: 10.5 | K249: normal | L249: center | M249: 0 | N249: default_from_visual_nodes | P249: 0 | Q249: 0
A250: 완료 | B250: 염창 | C250: 염창 | D250: 염창역 | E250: 9 | F250: =ROUND(AVERAGEIF(Station_Visual_Nodes!$D$2:$D$2000,$B250,Station_Visual_Nodes!$I$2:$I$2000)+P250,0) | G250: =ROUND(AVERAGEIF(Station_Visual_Nodes!$D$2:$D$2000,$B250,Station_Visual_Nodes!$J$2:$J$2000)+Q250,0) | H250: =F250/5120*100 | I250: =G250/2880*100 | J250: 10.5 | K250: normal | L250: center | M250: 0 | N250: default_from_visual_nodes | P250: 0 | Q250: 0
A251: 완료 | B251: 신목동 | C251: 신목동 | D251: 신목동역 | E251: 9 | F251: =ROUND(AVERAGEIF(Station_Visual_Nodes!$D$2:$D$2000,$B251,Station_Visual_Nodes!$I$2:$I$2000)+P251,0) | G251: =ROUND(AVERAGEIF(Station_Visual_Nodes!$D$2:$D$2000,$B251,Station_Visual_Nodes!$J$2:$J$2000)+Q251,0) | H251: =F251/5120*100 | I251: =G251/2880*100 | J251: 10.5 | K251: normal | L251: center | M251: 0 | N251: default_from_visual_nodes | P251: 0 | Q251: 0
A252: 완료 | B252: 선유도 | C252: 선유도 | D252: 선유도역 | E252: 9 | F252: =ROUND(AVERAGEIF(Station_Visual_Nodes!$D$2:$D$2000,$B252,Station_Visual_Nodes!$I$2:$I$2000)+P252,0) | G252: =ROUND(AVERAGEIF(Station_Visual_Nodes!$D$2:$D$2000,$B252,Station_Visual_Nodes!$J$2:$J$2000)+Q252,0) | H252: =F252/5120*100 | I252: =G252/2880*100 | J252: 10.5 | K252: normal | L252: center | M252: 0 | N252: default_from_visual_nodes | P252: 0 | Q252: 0
A253: 완료 | B253: 국회의사당 | C253: 국회의사당 | D253: 국회의사당역 | E253: 9 | F253: =ROUND(AVERAGEIF(Station_Visual_Nodes!$D$2:$D$2000,$B253,Station_Visual_Nodes!$I$2:$I$2000)+P253,0) | G253: =ROUND(AVERAGEIF(Station_Visual_Nodes!$D$2:$D$2000,$B253,Station_Visual_Nodes!$J$2:$J$2000)+Q253,0) | H253: =F253/5120*100 | I253: =G253/2880*100 | J253: 10.5 | K253: normal | L253: center | M253: 0 | N253: default_from_visual_nodes | P253: 0 | Q253: 0
A254: 완료 | B254: 샛강 | C254: 샛강 | D254: 샛강역 | E254: 9 | F254: =ROUND(AVERAGEIF(Station_Visual_Nodes!$D$2:$D$2000,$B254,Station_Visual_Nodes!$I$2:$I$2000)+P254,0) | G254: =ROUND(AVERAGEIF(Station_Visual_Nodes!$D$2:$D$2000,$B254,Station_Visual_Nodes!$J$2:$J$2000)+Q254,0) | H254: =F254/5120*100 | I254: =G254/2880*100 | J254: 10.5 | K254: normal | L254: center | M254: 0 | N254: default_from_visual_nodes | P254: 0 | Q254: 0
A255: 완료 | B255: 노량진 | C255: 노량진 | D255: 노량진역 | E255: 9 | F255: =ROUND(AVERAGEIF(Station_Visual_Nodes!$D$2:$D$2000,$B255,Station_Visual_Nodes!$I$2:$I$2000)+P255,0) | G255: =ROUND(AVERAGEIF(Station_Visual_Nodes!$D$2:$D$2000,$B255,Station_Visual_Nodes!$J$2:$J$2000)+Q255,0) | H255: =F255/5120*100 | I255: =G255/2880*100 | J255: 10.5 | K255: normal | L255: center | M255: 0 | N255: default_from_visual_nodes | P255: 0 | Q255: 0
A256: 완료 | B256: 노들 | C256: 노들 | D256: 노들역 | E256: 9 | F256: 2008 | G256: 1750 | H256: =F256/5120*100 | I256: =G256/2880*100 | J256: 10.5 | K256: normal | L256: center | M256: 0 | N256: default_from_visual_nodes | P256: 0 | Q256: 0
A257: 완료 | B257: 흑석 | C257: 흑석 | D257: 흑석역 | E257: 9 | F257: 2100 | G257: 1750 | H257: =F257/5120*100 | I257: =G257/2880*100 | J257: 10.5 | K257: normal | L257: center | M257: 0 | N257: default_from_visual_nodes | P257: 0 | Q257: 0
A258: 완료 | B258: 구반포 | C258: 구반포 | D258: 구반포역 | E258: 9 | F258: =ROUND(AVERAGEIF(Station_Visual_Nodes!$D$2:$D$2000,$B258,Station_Visual_Nodes!$I$2:$I$2000)+P258,0) | G258: =ROUND(AVERAGEIF(Station_Visual_Nodes!$D$2:$D$2000,$B258,Station_Visual_Nodes!$J$2:$J$2000)+Q258,0) | H258: =F258/5120*100 | I258: =G258/2880*100 | J258: 10.5 | K258: normal | L258: center | M258: 0 | N258: default_from_visual_nodes | P258: 0 | Q258: 0
A259: 완료 | B259: 신반포 | C259: 신반포 | D259: 신반포역 | E259: 9 | F259: =ROUND(AVERAGEIF(Station_Visual_Nodes!$D$2:$D$2000,$B259,Station_Visual_Nodes!$I$2:$I$2000)+P259,0) | G259: =ROUND(AVERAGEIF(Station_Visual_Nodes!$D$2:$D$2000,$B259,Station_Visual_Nodes!$J$2:$J$2000)+Q259,0) | H259: =F259/5120*100 | I259: =G259/2880*100 | J259: 10.5 | K259: normal | L259: center | M259: 0 | N259: default_from_visual_nodes | P259: 0 | Q259: 0
A260: 완료 | B260: 사평 | C260: 사평 | D260: 사평역 | E260: 9 | F260: =ROUND(AVERAGEIF(Station_Visual_Nodes!$D$2:$D$2000,$B260,Station_Visual_Nodes!$I$2:$I$2000)+P260,0) | G260: =ROUND(AVERAGEIF(Station_Visual_Nodes!$D$2:$D$2000,$B260,Station_Visual_Nodes!$J$2:$J$2000)+Q260,0) | H260: =F260/5120*100 | I260: =G260/2880*100 | J260: 10.5 | K260: normal | L260: center | M260: 0 | N260: default_from_visual_nodes | P260: 0 | Q260: 0
A261: 완료 | B261: 신논현 | C261: 신논현 | D261: 신논현역 | E261: 9 | F261: =ROUND(AVERAGEIF(Station_Visual_Nodes!$D$2:$D$2000,$B261,Station_Visual_Nodes!$I$2:$I$2000)+P261,0) | G261: =ROUND(AVERAGEIF(Station_Visual_Nodes!$D$2:$D$2000,$B261,Station_Visual_Nodes!$J$2:$J$2000)+Q261,0) | H261: =F261/5120*100 | I261: =G261/2880*100 | J261: 10.5 | K261: normal | L261: center | M261: 0 | N261: default_from_visual_nodes | P261: 0 | Q261: 0
A262: 완료 | B262: 언주 | C262: 언주 | D262: 언주역 | E262: 9 | F262: =ROUND(AVERAGEIF(Station_Visual_Nodes!$D$2:$D$2000,$B262,Station_Visual_Nodes!$I$2:$I$2000)+P262,0) | G262: =ROUND(AVERAGEIF(Station_Visual_Nodes!$D$2:$D$2000,$B262,Station_Visual_Nodes!$J$2:$J$2000)+Q262,0) | H262: =F262/5120*100 | I262: =G262/2880*100 | J262: 10.5 | K262: normal | L262: center | M262: 0 | N262: default_from_visual_nodes | P262: 0 | Q262: 0
A263: 완료 | B263: 선정릉 | C263: 선정릉 | D263: 선정릉역 | E263: 9 | F263: =ROUND(AVERAGEIF(Station_Visual_Nodes!$D$2:$D$2000,$B263,Station_Visual_Nodes!$I$2:$I$2000)+P263,0) | G263: =ROUND(AVERAGEIF(Station_Visual_Nodes!$D$2:$D$2000,$B263,Station_Visual_Nodes!$J$2:$J$2000)+Q263,0) | H263: =F263/5120*100 | I263: =G263/2880*100 | J263: 10.5 | K263: normal | L263: center | M263: 0 | N263: default_from_visual_nodes | P263: 0 | Q263: 0
A264: 완료 | B264: 삼성중앙 | C264: 삼성중앙 | D264: 삼성중앙역 | E264: 9 | F264: 2840 | G264: =ROUND(AVERAGEIF(Station_Visual_Nodes!$D$2:$D$2000,$B264,Station_Visual_Nodes!$J$2:$J$2000)+Q264,0) | H264: =F264/5120*100 | I264: =G264/2880*100 | J264: 10.5 | K264: normal | L264: center | M264: 0 | N264: default_from_visual_nodes | P264: 0 | Q264: 0
A265: 완료 | B265: 봉은사 | C265: 봉은사 | D265: 봉은사역 | E265: 9 | F265: 2904 | G265: =ROUND(AVERAGEIF(Station_Visual_Nodes!$D$2:$D$2000,$B265,Station_Visual_Nodes!$J$2:$J$2000)+Q265,0) | H265: =F265/5120*100 | I265: =G265/2880*100 | J265: 10.5 | K265: normal | L265: center | M265: 0 | N265: default_from_visual_nodes | P265: 0 | Q265: 0
A266: 완료 | B266: 삼전 | C266: 삼전 | D266: 삼전역 | E266: 9 | F266: =ROUND(AVERAGEIF(Station_Visual_Nodes!$D$2:$D$2000,$B266,Station_Visual_Nodes!$I$2:$I$2000)+P266,0) | G266: =ROUND(AVERAGEIF(Station_Visual_Nodes!$D$2:$D$2000,$B266,Station_Visual_Nodes!$J$2:$J$2000)+Q266,0) | H266: =F266/5120*100 | I266: =G266/2880*100 | J266: 10.5 | K266: normal | L266: center | M266: 0 | N266: default_from_visual_nodes | P266: 0 | Q266: 0
A267: 완료 | B267: 석촌고분 | C267: 석촌고분 | D267: 석촌고분역 | E267: 9 | F267: =ROUND(AVERAGEIF(Station_Visual_Nodes!$D$2:$D$2000,$B267,Station_Visual_Nodes!$I$2:$I$2000)+P267,0) | G267: =ROUND(AVERAGEIF(Station_Visual_Nodes!$D$2:$D$2000,$B267,Station_Visual_Nodes!$J$2:$J$2000)+Q267,0) | H267: =F267/5120*100 | I267: =G267/2880*100 | J267: 10.5 | K267: normal | L267: center | M267: 0 | N267: default_from_visual_nodes | P267: 0 | Q267: 0
A268: 완료 | B268: 송파나루 | C268: 송파나루 | D268: 송파나루역 | E268: 9 | F268: =ROUND(AVERAGEIF(Station_Visual_Nodes!$D$2:$D$2000,$B268,Station_Visual_Nodes!$I$2:$I$2000)+P268,0) | G268: =ROUND(AVERAGEIF(Station_Visual_Nodes!$D$2:$D$2000,$B268,Station_Visual_Nodes!$J$2:$J$2000)+Q268,0) | H268: =F268/5120*100 | I268: =G268/2880*100 | J268: 10.5 | K268: normal | L268: center | M268: 0 | N268: default_from_visual_nodes | P268: 0 | Q268: 0
A269: 완료 | B269: 한성백제 | C269: 한성백제 | D269: 한성백제역 | E269: 9 | F269: =ROUND(AVERAGEIF(Station_Visual_Nodes!$D$2:$D$2000,$B269,Station_Visual_Nodes!$I$2:$I$2000)+P269,0) | G269: =ROUND(AVERAGEIF(Station_Visual_Nodes!$D$2:$D$2000,$B269,Station_Visual_Nodes!$J$2:$J$2000)+Q269,0) | H269: =F269/5120*100 | I269: =G269/2880*100 | J269: 10.5 | K269: normal | L269: center | M269: 0 | N269: default_from_visual_nodes | P269: 0 | Q269: 0
A270: 완료 | B270: 둔촌오륜 | C270: 둔촌오륜 | D270: 둔촌오륜역 | E270: 9 | F270: =ROUND(AVERAGEIF(Station_Visual_Nodes!$D$2:$D$2000,$B270,Station_Visual_Nodes!$I$2:$I$2000)+P270,0) | G270: =ROUND(AVERAGEIF(Station_Visual_Nodes!$D$2:$D$2000,$B270,Station_Visual_Nodes!$J$2:$J$2000)+Q270,0) | H270: =F270/5120*100 | I270: =G270/2880*100 | J270: 10.5 | K270: normal | L270: center | M270: 0 | N270: default_from_visual_nodes | P270: 0 | Q270: 0
A271: 완료 | B271: 중앙보훈병원 | C271: 중앙보훈병원 | D271: 중앙보훈병원역 | E271: 9 | F271: =ROUND(AVERAGEIF(Station_Visual_Nodes!$D$2:$D$2000,$B271,Station_Visual_Nodes!$I$2:$I$2000)+P271,0) | G271: =ROUND(AVERAGEIF(Station_Visual_Nodes!$D$2:$D$2000,$B271,Station_Visual_Nodes!$J$2:$J$2000)+Q271,0) | H271: =F271/5120*100 | I271: =G271/2880*100 | J271: 10.5 | K271: normal | L271: center | M271: 0 | N271: default_from_visual_nodes | P271: 0 | Q271: 0

Sheet Map_Layer_Order
A1: layer_order | B1: layer_name | C1: source_sheet | D1: render_object | E1: note
A2: 1 | B2: line_paths | C2: Line_Sequences + Station_Visual_Nodes | D2: polyline/path | E2: 노선별 visual_node_id 좌표를 path_order 순서로 연결
A3: 2 | B3: transfer_connectors | C3: Transfer_Links | D3: line/path | E3: 환승역의 노선별 visual node를 얇은 회색 연결선으로 연결
A4: 3 | B4: station_markers | C4: Station_Visual_Nodes | D4: circle | E4: 지도에 보이는 역 점. 환승역은 노선별로 여러 점 가능
A5: 4 | B5: station_labels | C5: Station_Labels | D5: text | E5: 역명 라벨. station_key 기준으로 역당 1개 권장
A6: 5 | B6: route_highlight | C6: routing result | D6: path overlay | E6: 추천 경로 구간만 굵게 강조
A7: 6 | B7: origin_destination_highlight | C7: session_state | D7: halo/circle | E7: 출발역/도착역 강조
A8: 7 | B8: click_hitboxes | C8: Station_Click_Areas | D8: transparent circle | E8: 사용자 클릭 판정. 보이는 점보다 큰 투명 영역

Sheet Sources
A1: source_name | B1: url | C1: usage_note
A2: 서울교통공사_자치구별지하철역정보 | B2: https://www.data.go.kr/data/15081868/fileData.do | C2: 서울교통공사 관리 역 정보의 공식 공공데이터. 역명/호선 검증 참고.
A3: 서울교통공사_역간거리 | B3: https://data.seoul.go.kr/dataList/OA-12034/S/1/datasetView.do | C3: 서울교통공사 1~8호선 역간 거리 및 소요시간 데이터. 노선 순서/연결 검증 참고.
A4: 사용자 지정 프로젝트 범위 | B4: 현재 대화에서 사용자가 제공한 프로젝트 구간 | C4: 본 워크북은 사용자가 제공한 MetroCalm 프로젝트 범위에 맞춰 역 목록을 정리함.
A5: 서울메트로9호선_역사정보 | B5: 철도데이터포털(KRIC) 서울시메트로9호선주식회사 제공 (2026-05-31) | C5: 9호선 38역 역번호·위경도·승강장 유형. 역 순서 검증
A6: v1 좌표 워크북 (1~8호선) | B6: data/master/archive/ (보관) | C6: 1~8호선 좌표의 원본. 방화·개화산 좌표는 v2.6 에서 사용자가 조정
A7: 9호선 좌표 | B7: 사용자 직접 입력 (2026-10) | C7: 9호선 38역 x_px, y_px

Sheet 변경_기록
A1: 구분 | B1: 내용
A2: 확인 필요 | B2: 종합운동장_L2 — 다른 역(봉은사)과 좌표가 같음 — 확인 필요
A3: 확인 필요 | B3: 동작_L4 — 다른 역(흑석)과 좌표가 같음 — 확인 필요
A4: 확인 필요 | B4: 흑석_L9 — 다른 역(동작)과 좌표가 같음 — 확인 필요
A5: 확인 필요 | B5: 동작_L9 — 다른 역(흑석)과 좌표가 같음 — 확인 필요
A6: 확인 필요 | B6: 봉은사_L9 — 다른 역(종합운동장)과 좌표가 같음 — 확인 필요
A7: 확인 필요 | B7: 종합운동장_L9 — 다른 역(봉은사)과 좌표가 같음 — 확인 필요
A8: 1~8호선 좌표 변경 | B8: 방화_L5: (788, 828) → (788, 800)
A9: 1~8호선 좌표 변경 | B9: 개화산_L5: (788, 900) → (788, 884)
A10: 정리 | B10: AI_Handoff_Prompt·Project_Scope(→ Lines)·9호선 입력도우미 시트 제거, 안내 갱신 (5120×2880 기준)
