Workbook

Sheet Guide
A1: MetroCalm 벡터 노선도 좌표 작업 파일
A2: 목표 | B2: 사용자 선택용 station_key, 지도 렌더링용 visual_node_id, 역명 label, 클릭 hitbox를 분리해서 관리합니다.
A3: 작업 순서 1 | B3: Station_Visual_Nodes에서 각 visual_node_id별 x_px, y_px를 Inkscape/Figma 기준 픽셀로 입력합니다. 환승역은 노선별로 여러 좌표를 둡니다.
A4: 작업 순서 2 | B4: Station_Click_Areas의 click_x/y는 visual node 평균으로 자동 계산됩니다. 복잡한 환승역만 수동 override하세요.
A5: 작업 순서 3 | B5: Station_Labels의 label_x/y는 click area 기준으로 자동 계산됩니다. 역명이 겹치는 곳만 수동 보정하세요.
A6: 작업 순서 4 | B6: Line_Sequences는 노선 렌더링 순서입니다. station_key가 아니라 visual_node_id 기준으로 선을 연결합니다.
A7: 작업 순서 5 | B7: Transfer_Links는 환승역 내부 연결선입니다. 보이는 연결선일 뿐, 실제 환승 시간 평가는 별도 데이터로 유지합니다.
A8: 핵심 원칙 | B8: 사용자 화면: station_key / 지도 렌더링: visual_node_id / 내부 라우팅: station_uid. 세 계층을 혼동하지 않습니다.
A9: 이미지 기준 크기 | B9: Config 시트의 image_width_px=4900, image_height_px=2757 기준입니다. 이미지 크기가 바뀌면 Config만 수정하세요.
A10: 클릭 UX | B10: 정확한 픽셀을 클릭하지 않아도 되도록 Station_Click_Areas의 투명 hitbox를 최상단 레이어에 둡니다.

Sheet Config
A1: parameter | B1: value | C1: note
A2: image_width_px | B2: 5120 | C2: 원본/작업 기준 이미지 가로 픽셀. x_pct 계산 기준
A3: image_height_px | B3: 2880 | C3: 원본/작업 기준 이미지 세로 픽셀. y_pct 계산 기준
A4: default_general_marker_radius_px | B4: 10 | C4: 지도에 보이는 일반역 원 반경
A5: default_transfer_marker_radius_px | B5: 12 | C5: 지도에 보이는 환승역 visual node 반경
A6: default_general_click_radius_px | B6: 24 | C6: 일반역 클릭 hitbox 반경
A7: default_transfer_click_radius_px | B7: 48 | C7: 2개 노선 환승역 클릭 hitbox 반경
A8: default_complex_transfer_click_radius_px | B8: 56 | C8: 3개 이상 노선 환승역 클릭 hitbox 반경
A9: coordinate_origin | B9: top-left | C9: 좌표 원점은 이미지 좌상단
A10: coordinate_unit | B10: pixel | C10: x_px, y_px는 픽셀 기준. x_pct, y_pct는 자동 계산
A11: final_render_target | B11: SVG or Plotly vector map | C11: PNG 배경이 아니라 좌표 기반 벡터 렌더링에도 사용 가능

Sheet Station_Display_Master
A1: station_no | B1: station_key | C1: station_name | D1: display_name | E1: available_lines | F1: candidate_station_uids | G1: project_branches | H1: is_transfer_station | I1: is_event_station | J1: alias_or_note | K1: memo
A2: 1 | B2: 서울역 | C2: 서울역 | D2: 서울역 | E2: 1,4 | G2: 1:main;4:main | H2: TRUE | I2: FALSE
A3: 2 | B3: 시청 | C3: 시청 | D3: 시청역 | E3: 1,2 | G3: 1:main;2:main | H3: TRUE | I3: TRUE
A4: 3 | B4: 종각 | C4: 종각 | D4: 종각역 | E4: 1 | G4: 1:main | H4: FALSE | I4: TRUE
A5: 4 | B5: 종로3가 | C5: 종로3가 | D5: 종로3가역 | E5: 1,3,5 | G5: 1:main;3:main;5:common | H5: TRUE | I5: FALSE
A6: 5 | B6: 종로5가 | C6: 종로5가 | D6: 종로5가역 | E6: 1 | G6: 1:main | H6: FALSE | I6: FALSE
A7: 6 | B7: 동대문 | C7: 동대문 | D7: 동대문역 | E7: 1,4 | G7: 1:main;4:main | H7: TRUE | I7: FALSE
A8: 7 | B8: 동묘앞 | C8: 동묘앞 | D8: 동묘앞역 | E8: 1,6 | G8: 1:main;6:main | H8: TRUE | I8: FALSE
A9: 8 | B9: 신설동 | C9: 신설동 | D9: 신설동역 | E9: 1,2 | G9: 1:main;2:seongsu_branch | H9: TRUE | I9: FALSE
A10: 9 | B10: 제기동 | C10: 제기동 | D10: 제기동역 | E10: 1 | G10: 1:main | H10: FALSE | I10: FALSE
A11: 10 | B11: 청량리 | C11: 청량리 | D11: 청량리역 | E11: 1 | G11: 1:main | H11: FALSE | I11: FALSE | J11: 청량리(서울시립대입구)
A12: 11 | B12: 을지로입구 | C12: 을지로입구 | D12: 을지로입구역 | E12: 2 | G12: 2:main | H12: FALSE | I12: FALSE
A13: 12 | B13: 을지로3가 | C13: 을지로3가 | D13: 을지로3가역 | E13: 2,3 | G13: 2:main;3:main | H13: TRUE | I13: FALSE
A14: 13 | B14: 을지로4가 | C14: 을지로4가 | D14: 을지로4가역 | E14: 2,5 | G14: 2:main;5:common | H14: TRUE | I14: FALSE
A15: 14 | B15: 동대문역사문화공원 | C15: 동대문역사문화공원 | D15: 동대문역사문화공원역 | E15: 2,4,5 | G15: 2:main;4:main;5:common | H15: TRUE | I15: FALSE | J15: 동대문역사문화공원(DDP)
A16: 15 | B16: 신당 | C16: 신당 | D16: 신당역 | E16: 2,6 | G16: 2:main;6:main | H16: TRUE | I16: FALSE
A17: 16 | B17: 상왕십리 | C17: 상왕십리 | D17: 상왕십리역 | E17: 2 | G17: 2:main | H17: FALSE | I17: FALSE
A18: 17 | B18: 왕십리 | C18: 왕십리 | D18: 왕십리역 | E18: 2,5 | G18: 2:main;5:common | H18: TRUE | I18: FALSE
A19: 18 | B19: 한양대 | C19: 한양대 | D19: 한양대역 | E19: 2 | G19: 2:main | H19: FALSE | I19: TRUE
A20: 19 | B20: 뚝섬 | C20: 뚝섬 | D20: 뚝섬역 | E20: 2 | G20: 2:main | H20: FALSE | I20: FALSE
A21: 20 | B21: 성수 | C21: 성수 | D21: 성수역 | E21: 2 | G21: 2:main;2:seongsu_branch | H21: FALSE | I21: FALSE
A22: 21 | B22: 건대입구 | C22: 건대입구 | D22: 건대입구역 | E22: 2,7 | G22: 2:main;7:main | H22: TRUE | I22: TRUE
A23: 22 | B23: 구의 | C23: 구의 | D23: 구의역 | E23: 2 | G23: 2:main | H23: FALSE | I23: FALSE
A24: 23 | B24: 강변 | C24: 강변 | D24: 강변역 | E24: 2 | G24: 2:main | H24: FALSE | I24: FALSE
A25: 24 | B25: 잠실나루 | C25: 잠실나루 | D25: 잠실나루역 | E25: 2 | G25: 2:main | H25: FALSE | I25: FALSE
A26: 25 | B26: 잠실 | C26: 잠실 | D26: 잠실역 | E26: 2,8 | G26: 2:main;8:main | H26: TRUE | I26: FALSE
A27: 26 | B27: 잠실새내 | C27: 잠실새내 | D27: 잠실새내역 | E27: 2 | G27: 2:main | H27: FALSE | I27: FALSE
... A68: 67 | B68: 독립문 | C68: 독립문 | D68: 독립문역 | E68: 3 | G68: 3:main | H68: FALSE | I68: FALSE
A69: 68 | B69: 경복궁 | C69: 경복궁 | D69: 경복궁역 | E69: 3 | G69: 3:main | H69: FALSE | I69: TRUE | J69: 경복궁(정부서울청사)
A70: 69 | B70: 안국 | C70: 안국 | D70: 안국역 | E70: 3 | G70: 3:main | H70: FALSE | I70: FALSE
A71: 70 | B71: 충무로 | C71: 충무로 | D71: 충무로역 | E71: 3,4 | G71: 3:main;4:main | H71: TRUE | I71: FALSE
A72: 71 | B72: 동대입구 | C72: 동대입구 | D72: 동대입구역 | E72: 3 | G72: 3:main | H72: FALSE | I72: TRUE
A73: 72 | B73: 약수 | C73: 약수 | D73: 약수역 | E73: 3,6 | G73: 3:main;6:main | H73: TRUE | I73: FALSE
A74: 73 | B74: 금호 | C74: 금호 | D74: 금호역 | E74: 3 | G74: 3:main | H74: FALSE | I74: FALSE
A75: 74 | B75: 옥수 | C75: 옥수 | D75: 옥수역 | E75: 3 | G75: 3:main | H75: FALSE | I75: FALSE
A76: 75 | B76: 압구정 | C76: 압구정 | D76: 압구정역 | E76: 3 | G76: 3:main | H76: FALSE | I76: FALSE
A77: 76 | B77: 신사 | C77: 신사 | D77: 신사역 | E77: 3 | G77: 3:main | H77: FALSE | I77: FALSE
A78: 77 | B78: 잠원 | C78: 잠원 | D78: 잠원역 | E78: 3 | G78: 3:main | H78: FALSE | I78: FALSE
A79: 78 | B79: 고속터미널 | C79: 고속터미널 | D79: 고속터미널역 | E79: 3,7 | G79: 3:main;7:main | H79: TRUE | I79: FALSE
A80: 79 | B80: 남부터미널 | C80: 남부터미널 | D80: 남부터미널역 | E80: 3 | G80: 3:main | H80: FALSE | I80: FALSE
A81: 80 | B81: 양재 | C81: 양재 | D81: 양재역 | E81: 3 | G81: 3:main | H81: FALSE | I81: FALSE
... A91: 90 | B91: 오금 | C91: 오금 | D91: 오금역 | E91: 3,5 | G91: 3:main;5:macheon_branch | H91: TRUE | I91: FALSE
A92: 91 | B92: 불암산 | C92: 불암산 | D92: 불암산역 | E92: 4 | G92: 4:main | H92: FALSE | I92: FALSE | J92: 당고개
A93: 92 | B93: 상계 | C93: 상계 | D93: 상계역 | E93: 4 | G93: 4:main | H93: FALSE | I93: FALSE
A94: 93 | B94: 노원 | C94: 노원 | D94: 노원역 | E94: 4,7 | G94: 4:main;7:main | H94: TRUE | I94: FALSE
A95: 94 | B95: 창동 | C95: 창동 | D95: 창동역 | E95: 4 | G95: 4:main | H95: FALSE | I95: FALSE
A96: 95 | B96: 쌍문 | C96: 쌍문 | D96: 쌍문역 | E96: 4 | G96: 4:main | H96: FALSE | I96: FALSE
A97: 96 | B97: 수유 | C97: 수유 | D97: 수유역 | E97: 4 | G97: 4:main | H97: FALSE | I97: FALSE
A98: 97 | B98: 미아 | C98: 미아 | D98: 미아역 | E98: 4 | G98: 4:main | H98: FALSE | I98: FALSE
A99: 98 | B99: 미아사거리 | C99: 미아사거리 | D99: 미아사거리역 | E99: 4 | G99: 4:main | H99: FALSE | I99: FALSE
A100: 99 | B100: 길음 | C100: 길음 | D100: 길음역 | E100: 4 | G100: 4:main | H100: FALSE | I100: FALSE
A101: 100 | B101: 성신여대입구 | C101: 성신여대입구 | D101: 성신여대입구역 | E101: 4 | G101: 4:main | H101: FALSE | I101: FALSE
A102: 101 | B102: 한성대입구 | C102: 한성대입구 | D102: 한성대입구역 | E102: 4 | G102: 4:main | H102: FALSE | I102: FALSE
A103: 102 | B103: 혜화 | C103: 혜화 | D103: 혜화역 | E103: 4 | G103: 4:main | H103: FALSE | I103: TRUE
A104: 103 | B104: 명동 | C104: 명동 | D104: 명동역 | E104: 4 | G104: 4:main | H104: FALSE | I104: FALSE
A105: 104 | B105: 회현 | C105: 회현 | D105: 회현역 | E105: 4 | G105: 4:main | H105: FALSE | I105: FALSE
A106: 105 | B106: 숙대입구 | C106: 숙대입구 | D106: 숙대입구역 | E106: 4 | G106: 4:main | H106: FALSE | I106: TRUE | J106: 숙대입구(갈월)
A107: 106 | B107: 삼각지 | C107: 삼각지 | D107: 삼각지역 | E107: 4,6 | G107: 4:main;6:main | H107: TRUE | I107: FALSE
A108: 107 | B108: 신용산 | C108: 신용산 | D108: 신용산역 | E108: 4 | G108: 4:main | H108: FALSE | I108: FALSE
A109: 108 | B109: 이촌 | C109: 이촌 | D109: 이촌역 | E109: 4 | G109: 4:main | H109: FALSE | I109: FALSE
A110: 109 | B110: 동작 | C110: 동작 | D110: 동작역 | E110: 4 | G110: 4:main | H110: FALSE | I110: FALSE
A111: 110 | B111: 이수 | C111: 이수 | D111: 이수역 | E111: 4,7 | G111: 4:main;7:main | H111: TRUE | I111: FALSE | J111: 총신대입구(이수)
A112: 111 | B112: 남태령 | C112: 남태령 | D112: 남태령역 | E112: 4 | G112: 4:main | H112: FALSE | I112: FALSE
A113: 112 | B113: 방화 | C113: 방화 | D113: 방화역 | E113: 5 | G113: 5:common | H113: FALSE | I113: FALSE
A114: 113 | B114: 개화산 | C114: 개화산 | D114: 개화산역 | E114: 5 | G114: 5:common | H114: FALSE | I114: FALSE
A115: 114 | B115: 김포공항 | C115: 김포공항 | D115: 김포공항역 | E115: 5 | G115: 5:common | H115: FALSE | I115: FALSE
A116: 115 | B116: 송정 | C116: 송정 | D116: 송정역 | E116: 5 | G116: 5:common | H116: FALSE | I116: FALSE
A117: 116 | B117: 마곡 | C117: 마곡 | D117: 마곡역 | E117: 5 | G117: 5:common | H117: FALSE | I117: FALSE
A118: 117 | B118: 발산 | C118: 발산 | D118: 발산역 | E118: 5 | G118: 5:common | H118: FALSE | I118: FALSE
A119: 118 | B119: 우장산 | C119: 우장산 | D119: 우장산역 | E119: 5 | G119: 5:common | H119: FALSE | I119: FALSE
A120: 119 | B120: 화곡 | C120: 화곡 | D120: 화곡역 | E120: 5 | G120: 5:common | H120: FALSE | I120: FALSE
A121: 120 | B121: 신정 | C121: 신정 | D121: 신정역 | E121: 5 | G121: 5:common | H121: FALSE | I121: FALSE
A122: 121 | B122: 목동 | C122: 목동 | D122: 목동역 | E122: 5 | G122: 5:common | H122: FALSE | I122: FALSE
A123: 122 | B123: 오목교 | C123: 오목교 | D123: 오목교역 | E123: 5 | G123: 5:common | H123: FALSE | I123: FALSE
... A132: 131 | B132: 서대문 | C132: 서대문 | D132: 서대문역 | E132: 5 | G132: 5:common | H132: FALSE | I132: FALSE
A133: 132 | B133: 광화문 | C133: 광화문 | D133: 광화문역 | E133: 5 | G133: 5:common | H133: FALSE | I133: TRUE | J133: 광화문(세종문화회관)
A134: 133 | B134: 청구 | C134: 청구 | D134: 청구역 | E134: 5,6 | G134: 5:common;6:main | H134: TRUE | I134: FALSE
A135: 134 | B135: 신금호 | C135: 신금호 | D135: 신금호역 | E135: 5 | G135: 5:common | H135: FALSE | I135: FALSE
A136: 135 | B136: 행당 | C136: 행당 | D136: 행당역 | E136: 5 | G136: 5:common | H136: FALSE | I136: FALSE
A137: 136 | B137: 마장 | C137: 마장 | D137: 마장역 | E137: 5 | G137: 5:common | H137: FALSE | I137: FALSE
A138: 137 | B138: 답십리 | C138: 답십리 | D138: 답십리역 | E138: 5 | G138: 5:common | H138: FALSE | I138: FALSE
A139: 138 | B139: 장한평 | C139: 장한평 | D139: 장한평역 | E139: 5 | G139: 5:common | H139: FALSE | I139: FALSE
A140: 139 | B140: 군자 | C140: 군자 | D140: 군자역 | E140: 5,7 | G140: 5:common;7:main | H140: TRUE | I140: FALSE
A141: 140 | B141: 아차산 | C141: 아차산 | D141: 아차산역 | E141: 5 | G141: 5:common | H141: FALSE | I141: FALSE
A142: 141 | B142: 광나루 | C142: 광나루 | D142: 광나루역 | E142: 5 | G142: 5:common | H142: FALSE | I142: TRUE
A143: 142 | B143: 천호 | C143: 천호 | D143: 천호역 | E143: 5,8 | G143: 5:common;8:main | H143: TRUE | I143: FALSE
A144: 143 | B144: 강동 | C144: 강동 | D144: 강동역 | E144: 5 | G144: 5:common;5:hanam_branch;5:macheon_branch | H144: FALSE | I144: FALSE
A145: 144 | B145: 길동 | C145: 길동 | D145: 길동역 | E145: 5 | G145: 5:hanam_branch | H145: FALSE | I145: FALSE
... A152: 151 | B152: 하남풍산 | C152: 하남풍산 | D152: 하남풍산역 | E152: 5 | G152: 5:hanam_branch | H152: FALSE | I152: FALSE
A153: 152 | B153: 하남시청 | C153: 하남시청 | D153: 하남시청역 | E153: 5 | G153: 5:hanam_branch | H153: FALSE | I153: FALSE | J153: 하남시청(덕풍·신장)
A154: 153 | B154: 하남검단산 | C154: 하남검단산 | D154: 하남검단산역 | E154: 5 | G154: 5:hanam_branch | H154: FALSE | I154: FALSE
A155: 154 | B155: 둔촌동 | C155: 둔촌동 | D155: 둔촌동역 | E155: 5 | G155: 5:macheon_branch | H155: FALSE | I155: FALSE
A156: 155 | B156: 올림픽공원 | C156: 올림픽공원 | D156: 올림픽공원역 | E156: 5 | G156: 5:macheon_branch | H156: FALSE | I156: TRUE
A157: 156 | B157: 방이 | C157: 방이 | D157: 방이역 | E157: 5 | G157: 5:macheon_branch | H157: FALSE | I157: FALSE
A158: 157 | B158: 개롱 | C158: 개롱 | D158: 개롱역 | E158: 5 | G158: 5:macheon_branch | H158: FALSE | I158: FALSE
A159: 158 | B159: 거여 | C159: 거여 | D159: 거여역 | E159: 5 | G159: 5:macheon_branch | H159: FALSE | I159: FALSE
A160: 159 | B160: 마천 | C160: 마천 | D160: 마천역 | E160: 5 | G160: 5:macheon_branch | H160: FALSE | I160: FALSE
A161: 160 | B161: 응암 | C161: 응암 | D161: 응암역 | E161: 6 | G161: 6:main | H161: FALSE | I161: FALSE
A162: 161 | B162: 역촌 | C162: 역촌 | D162: 역촌역 | E162: 6 | G162: 6:main | H162: FALSE | I162: FALSE
A163: 162 | B163: 독바위 | C163: 독바위 | D163: 독바위역 | E163: 6 | G163: 6:main | H163: FALSE | I163: FALSE
...

Sheet Station_Visual_Nodes
A1: mark_status | B1: visual_node_no | C1: visual_node_id | D1: station_key | E1: station_name | F1: display_name | G1: line_id | H1: branch_codes | I1: x_px | J1: y_px | K1: x_pct | L1: y_pct | M1: marker_radius_px | N1: is_transfer_station | O1: is_branch_node | P1: label_owner | Q1: alias_or_note | R1: memo
A2: =IF(OR(I2="",J2=""),"미작업","완료") -> 완료 | B2: 1 | C2: 서울역_L1 | D2: 서울역 | E2: 서울역 | F2: 서울역 | G2: 1 | H2: main | I2: 1916 | J2: 1308 | K2: =IF(I2="","",I2/Config!$B$2*100) -> 37.421875 | L2: =IF(J2="","",J2/Config!$B$3*100) -> 45.416667 | M2: 12 | N2: TRUE | O2: TRUE | P2: TRUE
A3: =IF(OR(I3="",J3=""),"미작업","완료") -> 완료 | B3: 2 | C3: 시청_L1 | D3: 시청 | E3: 시청 | F3: 시청역 | G3: 1 | H3: main | I3: 1916 | J3: 1144 | K3: =IF(I3="","",I3/Config!$B$2*100) -> 37.421875 | L3: =IF(J3="","",J3/Config!$B$3*100) -> 39.722222 | M3: 12 | N3: TRUE | O3: FALSE | P3: TRUE
A4: =IF(OR(I4="",J4=""),"미작업","완료") -> 완료 | B4: 3 | C4: 종각_L1 | D4: 종각 | E4: 종각 | F4: 종각역 | G4: 1 | H4: main | I4: 1916 | J4: 1048 | K4: =IF(I4="","",I4/Config!$B$2*100) -> 37.421875 | L4: =IF(J4="","",J4/Config!$B$3*100) -> 36.388889 | M4: 10 | N4: FALSE | O4: FALSE | P4: TRUE
A5: =IF(OR(I5="",J5=""),"미작업","완료") -> 완료 | B5: 4 | C5: 종로3가_L1 | D5: 종로3가 | E5: 종로3가 | F5: 종로3가역 | G5: 1 | H5: main | I5: 2084 | J5: 980 | K5: =IF(I5="","",I5/Config!$B$2*100) -> 40.703125 | L5: =IF(J5="","",J5/Config!$B$3*100) -> 34.027778 | M5: 12 | N5: TRUE | O5: FALSE | P5: TRUE
A6: =IF(OR(I6="",J6=""),"미작업","완료") -> 완료 | B6: 5 | C6: 종로5가_L1 | D6: 종로5가 | E6: 종로5가 | F6: 종로5가역 | G6: 1 | H6: main | I6: 2240 | J6: 980 | K6: =IF(I6="","",I6/Config!$B$2*100) -> 43.75 | L6: =IF(J6="","",J6/Config!$B$3*100) -> 34.027778 | M6: 10 | N6: FALSE | O6: FALSE | P6: TRUE
A7: =IF(OR(I7="",J7=""),"미작업","완료") -> 완료 | B7: 6 | C7: 동대문_L1 | D7: 동대문 | E7: 동대문 | F7: 동대문역 | G7: 1 | H7: main | I7: 2328 | J7: 980 | K7: =IF(I7="","",I7/Config!$B$2*100) -> 45.46875 | L7: =IF(J7="","",J7/Config!$B$3*100) -> 34.027778 | M7: 12 | N7: TRUE | O7: FALSE | P7: TRUE
A8: =IF(OR(I8="",J8=""),"미작업","완료") -> 완료 | B8: 7 | C8: 동묘앞_L1 | D8: 동묘앞 | E8: 동묘앞 | F8: 동묘앞역 | G8: 1 | H8: main | I8: 2528 | J8: 980 | K8: =IF(I8="","",I8/Config!$B$2*100) -> 49.375 | L8: =IF(J8="","",J8/Config!$B$3*100) -> 34.027778 | M8: 12 | N8: TRUE | O8: FALSE | P8: TRUE
A9: =IF(OR(I9="",J9=""),"미작업","완료") -> 완료 | B9: 8 | C9: 신설동_L1 | D9: 신설동 | E9: 신설동 | F9: 신설동역 | G9: 1 | H9: main | I9: 2712 | J9: 980 | K9: =IF(I9="","",I9/Config!$B$2*100) -> 52.96875 | L9: =IF(J9="","",J9/Config!$B$3*100) -> 34.027778 | M9: 12 | N9: TRUE | O9: FALSE | P9: TRUE
A10: =IF(OR(I10="",J10=""),"미작업","완료") -> 완료 | B10: 9 | C10: 제기동_L1 | D10: 제기동 | E10: 제기동 | F10: 제기동역 | G10: 1 | H10: main | I10: 2864 | J10: 980 | K10: =IF(I10="","",I10/Config!$B$2*100) -> 55.9375 | L10: =IF(J10="","",J10/Config!$B$3*100) -> 34.027778 | M10: 10 | N10: FALSE | O10: FALSE | P10: TRUE
A11: =IF(OR(I11="",J11=""),"미작업","완료") -> 완료 | B11: 10 | C11: 청량리_L1 | D11: 청량리 | E11: 청량리 | F11: 청량리역 | G11: 1 | H11: main | I11: 3020 | J11: 980 | K11: =IF(I11="","",I11/Config!$B$2*100) -> 58.984375 | L11: =IF(J11="","",J11/Config!$B$3*100) -> 34.027778 | M11: 10 | N11: FALSE | O11: TRUE | P11: TRUE | Q11: 청량리(서울시립대입구)
A12: =IF(OR(I12="",J12=""),"미작업","완료") -> 완료 | B12: 11 | C12: 시청_L2 | D12: 시청 | E12: 시청 | F12: 시청역 | G12: 2 | H12: main | I12: 1916 | J12: 1144 | K12: =IF(I12="","",I12/Config!$B$2*100) -> 37.421875 | L12: =IF(J12="","",J12/Config!$B$3*100) -> 39.722222 | M12: 12 | N12: TRUE | O12: TRUE | P12: FALSE
A13: =IF(OR(I13="",J13=""),"미작업","완료") -> 완료 | B13: 12 | C13: 신설동_L2 | D13: 신설동 | E13: 신설동 | F13: 신설동역 | G13: 2 | H13: seongsu_branch | I13: 2712 | J13: 980 | K13: =IF(I13="","",I13/Config!$B$2*100) -> 52.96875 | L13: =IF(J13="","",J13/Config!$B$3*100) -> 34.027778 | M13: 12 | N13: TRUE | O13: TRUE | P13: FALSE
A14: =IF(OR(I14="",J14=""),"미작업","완료") -> 완료 | B14: 13 | C14: 을지로입구_L2 | D14: 을지로입구 | E14: 을지로입구 | F14: 을지로입구역 | G14: 2 | H14: main | I14: 2000 | J14: 1144 | K14: =IF(I14="","",I14/Config!$B$2*100) -> 39.0625 | L14: =IF(J14="","",J14/Config!$B$3*100) -> 39.722222 | M14: 10 | N14: FALSE | O14: FALSE | P14: TRUE
A15: =IF(OR(I15="",J15=""),"미작업","완료") -> 완료 | B15: 14 | C15: 을지로3가_L2 | D15: 을지로3가 | E15: 을지로3가 | F15: 을지로3가역 | G15: 2 | H15: main | I15: 2084 | J15: 1144 | K15: =IF(I15="","",I15/Config!$B$2*100) -> 40.703125 | L15: =IF(J15="","",J15/Config!$B$3*100) -> 39.722222 | M15: 12 | N15: TRUE | O15: FALSE | P15: TRUE
A16: =IF(OR(I16="",J16=""),"미작업","완료") -> 완료 | B16: 15 | C16: 을지로4가_L2 | D16: 을지로4가 | E16: 을지로4가 | F16: 을지로4가역 | G16: 2 | H16: main | I16: 2200 | J16: 1144 | K16: =IF(I16="","",I16/Config!$B$2*100) -> 42.96875 | L16: =IF(J16="","",J16/Config!$B$3*100) -> 39.722222 | M16: 12 | N16: TRUE | O16: FALSE | P16: TRUE
A17: =IF(OR(I17="",J17=""),"미작업","완료") -> 완료 | B17: 16 | C17: 동대문역사문화공원_L2 | D17: 동대문역사문화공원 | E17: 동대문역사문화공원 | F17: 동대문역사문화공원역 | G17: 2 | H17: main | I17: 2328 | J17: 1144 | K17: =IF(I17="","",I17/Config!$B$2*100) -> 45.46875 | L17: =IF(J17="","",J17/Config!$B$3*100) -> 39.722222 | M17: 12 | N17: TRUE | O17: FALSE | P17: TRUE | Q17: 동대문역사문화공원(DDP)
A18: =IF(OR(I18="",J18=""),"미작업","완료") -> 완료 | B18: 17 | C18: 신당_L2 | D18: 신당 | E18: 신당 | F18: 신당역 | G18: 2 | H18: main | I18: 2528 | J18: 1144 | K18: =IF(I18="","",I18/Config!$B$2*100) -> 49.375 | L18: =IF(J18="","",J18/Config!$B$3*100) -> 39.722222 | M18: 12 | N18: TRUE | O18: FALSE | P18: TRUE
A19: =IF(OR(I19="",J19=""),"미작업","완료") -> 완료 | B19: 18 | C19: 상왕십리_L2 | D19: 상왕십리 | E19: 상왕십리 | F19: 상왕십리역 | G19: 2 | H19: main | I19: 2628 | J19: 1144 | K19: =IF(I19="","",I19/Config!$B$2*100) -> 51.328125 | L19: =IF(J19="","",J19/Config!$B$3*100) -> 39.722222 | M19: 10 | N19: FALSE | O19: FALSE | P19: TRUE
A20: =IF(OR(I20="",J20=""),"미작업","완료") -> 완료 | B20: 19 | C20: 왕십리_L2 | D20: 왕십리 | E20: 왕십리 | F20: 왕십리역 | G20: 2 | H20: main | I20: 2740 | J20: 1144 | K20: =IF(I20="","",I20/Config!$B$2*100) -> 53.515625 | L20: =IF(J20="","",J20/Config!$B$3*100) -> 39.722222 | M20: 12 | N20: TRUE | O20: FALSE | P20: TRUE
A21: =IF(OR(I21="",J21=""),"미작업","완료") -> 완료 | B21: 20 | C21: 한양대_L2 | D21: 한양대 | E21: 한양대 | F21: 한양대역 | G21: 2 | H21: main | I21: 2864 | J21: 1188 | K21: =IF(I21="","",I21/Config!$B$2*100) -> 55.9375 | L21: =IF(J21="","",J21/Config!$B$3*100) -> 41.25 | M21: 10 | N21: FALSE | O21: FALSE | P21: TRUE
A22: =IF(OR(I22="",J22=""),"미작업","완료") -> 완료 | B22: 21 | C22: 뚝섬_L2 | D22: 뚝섬 | E22: 뚝섬 | F22: 뚝섬역 | G22: 2 | H22: main | I22: 2920 | J22: 1244 | K22: =IF(I22="","",I22/Config!$B$2*100) -> 57.03125 | L22: =IF(J22="","",J22/Config!$B$3*100) -> 43.194444 | M22: 10 | N22: FALSE | O22: FALSE | P22: TRUE
A23: =IF(OR(I23="",J23=""),"미작업","완료") -> 완료 | B23: 22 | C23: 성수_L2 | D23: 성수 | E23: 성수 | F23: 성수역 | G23: 2 | H23: main;seongsu_branch | I23: 2972 | J23: 1294 | K23: =IF(I23="","",I23/Config!$B$2*100) -> 58.046875 | L23: =IF(J23="","",J23/Config!$B$3*100) -> 44.930556 | M23: 10 | N23: FALSE | O23: TRUE | P23: TRUE
A24: =IF(OR(I24="",J24=""),"미작업","완료") -> 완료 | B24: 23 | C24: 건대입구_L2 | D24: 건대입구 | E24: 건대입구 | F24: 건대입구역 | G24: 2 | H24: main | I24: 2972 | J24: 1468 | K24: =IF(I24="","",I24/Config!$B$2*100) -> 58.046875 | L24: =IF(J24="","",J24/Config!$B$3*100) -> 50.972222 | M24: 12 | N24: TRUE | O24: FALSE | P24: TRUE
A25: =IF(OR(I25="",J25=""),"미작업","완료") -> 완료 | B25: 24 | C25: 구의_L2 | D25: 구의 | E25: 구의 | F25: 구의역 | G25: 2 | H25: main | I25: 2972 | J25: 1552 | K25: =IF(I25="","",I25/Config!$B$2*100) -> 58.046875 | L25: =IF(J25="","",J25/Config!$B$3*100) -> 53.888889 | M25: 10 | N25: FALSE | O25: FALSE | P25: TRUE
A26: =IF(OR(I26="",J26=""),"미작업","완료") -> 완료 | B26: 25 | C26: 강변_L2 | D26: 강변 | E26: 강변 | F26: 강변역 | G26: 2 | H26: main | I26: 2972 | J26: 1628 | K26: =IF(I26="","",I26/Config!$B$2*100) -> 58.046875 | L26: =IF(J26="","",J26/Config!$B$3*100) -> 56.527778 | M26: 10 | N26: FALSE | O26: FALSE | P26: TRUE
A27: =IF(OR(I27="",J27=""),"미작업","완료") -> 완료 | B27: 26 | C27: 잠실나루_L2 | D27: 잠실나루 | E27: 잠실나루 | F27: 잠실나루역 | G27: 2 | H27: main | I27: 2972 | J27: 1708 | K27: =IF(I27="","",I27/Config!$B$2*100) -> 58.046875 | L27: =IF(J27="","",J27/Config!$B$3*100) -> 59.305556 | M27: 10 | N27: FALSE | O27: FALSE | P27: TRUE
A28: =IF(OR(I28="",J28=""),"미작업","완료") -> 완료 | B28: 27 | C28: 잠실_L2 | D28: 잠실 | E28: 잠실 | F28: 잠실역 | G28: 2 | H28: main | I28: 2972 | J28: 1800 | K28: =IF(I28="","",I28/Config!$B$2*100) -> 58.046875 | L28: =IF(J28="","",J28/Config!$B$3*100) -> 62.5 | M28: 12 | N28: TRUE | O28: FALSE | P28: TRUE
A29: =IF(OR(I29="",J29=""),"미작업","완료") -> 완료 | B29: 28 | C29: 잠실새내_L2 | D29: 잠실새내 | E29: 잠실새내 | F29: 잠실새내역 | G29: 2 | H29: main | I29: 2972 | J29: 1882 | K29: =IF(I29="","",I29/Config!$B$2*100) -> 58.046875 | L29: =IF(J29="","",J29/Config!$B$3*100) -> 65.347222 | M29: 10 | N29: FALSE | O29: FALSE | P29: TRUE
... A73: =IF(OR(I73="",J73=""),"미작업","완료") -> 완료 | B73: 72 | C73: 독립문_L3 | D73: 독립문 | E73: 독립문 | F73: 독립문역 | G73: 3 | H73: main | I73: 2084 | J73: 488 | K73: =IF(I73="","",I73/Config!$B$2*100) -> 40.703125 | L73: =IF(J73="","",J73/Config!$B$3*100) -> 16.944444 | M73: 10 | N73: FALSE | O73: FALSE | P73: TRUE
A74: =IF(OR(I74="",J74=""),"미작업","완료") -> 완료 | B74: 73 | C74: 경복궁_L3 | D74: 경복궁 | E74: 경복궁 | F74: 경복궁역 | G74: 3 | H74: main | I74: 2084 | J74: 648 | K74: =IF(I74="","",I74/Config!$B$2*100) -> 40.703125 | L74: =IF(J74="","",J74/Config!$B$3*100) -> 22.5 | M74: 10 | N74: FALSE | O74: FALSE | P74: TRUE | Q74: 경복궁(정부서울청사)
A75: =IF(OR(I75="",J75=""),"미작업","완료") -> 완료 | B75: 74 | C75: 안국_L3 | D75: 안국 | E75: 안국 | F75: 안국역 | G75: 3 | H75: main | I75: 2084 | J75: 808 | K75: =IF(I75="","",I75/Config!$B$2*100) -> 40.703125 | L75: =IF(J75="","",J75/Config!$B$3*100) -> 28.055556 | M75: 10 | N75: FALSE | O75: FALSE | P75: TRUE
A76: =IF(OR(I76="",J76=""),"미작업","완료") -> 완료 | B76: 75 | C76: 충무로_L3 | D76: 충무로 | E76: 충무로 | F76: 충무로역 | G76: 3 | H76: main | I76: 2328 | J76: 1244 | K76: =IF(I76="","",I76/Config!$B$2*100) -> 45.46875 | L76: =IF(J76="","",J76/Config!$B$3*100) -> 43.194444 | M76: 12 | N76: TRUE | O76: FALSE | P76: TRUE
A77: =IF(OR(I77="",J77=""),"미작업","완료") -> 완료 | B77: 76 | C77: 동대입구_L3 | D77: 동대입구 | E77: 동대입구 | F77: 동대입구역 | G77: 3 | H77: main | I77: 2404 | J77: 1356 | K77: =IF(I77="","",I77/Config!$B$2*100) -> 46.953125 | L77: =IF(J77="","",J77/Config!$B$3*100) -> 47.083333 | M77: 10 | N77: FALSE | O77: FALSE | P77: TRUE
A78: =IF(OR(I78="",J78=""),"미작업","완료") -> 완료 | B78: 77 | C78: 약수_L3 | D78: 약수 | E78: 약수 | F78: 약수역 | G78: 3 | H78: main | I78: 2480 | J78: 1476 | K78: =IF(I78="","",I78/Config!$B$2*100) -> 48.4375 | L78: =IF(J78="","",J78/Config!$B$3*100) -> 51.25 | M78: 12 | N78: TRUE | O78: FALSE | P78: TRUE
A79: =IF(OR(I79="",J79=""),"미작업","완료") -> 완료 | B79: 78 | C79: 금호_L3 | D79: 금호 | E79: 금호 | F79: 금호역 | G79: 3 | H79: main | I79: 2480 | J79: 1556 | K79: =IF(I79="","",I79/Config!$B$2*100) -> 48.4375 | L79: =IF(J79="","",J79/Config!$B$3*100) -> 54.027778 | M79: 10 | N79: FALSE | O79: FALSE | P79: TRUE
A80: =IF(OR(I80="",J80=""),"미작업","완료") -> 완료 | B80: 79 | C80: 옥수_L3 | D80: 옥수 | E80: 옥수 | F80: 옥수역 | G80: 3 | H80: main | I80: 2480 | J80: 1636 | K80: =IF(I80="","",I80/Config!$B$2*100) -> 48.4375 | L80: =IF(J80="","",J80/Config!$B$3*100) -> 56.805556 | M80: 10 | N80: FALSE | O80: FALSE | P80: TRUE
A81: =IF(OR(I81="",J81=""),"미작업","완료") -> 완료 | B81: 80 | C81: 압구정_L3 | D81: 압구정 | E81: 압구정 | F81: 압구정역 | G81: 3 | H81: main | I81: 2480 | J81: 1760 | K81: =IF(I81="","",I81/Config!$B$2*100) -> 48.4375 | L81: =IF(J81="","",J81/Config!$B$3*100) -> 61.111111 | M81: 10 | N81: FALSE | O81: FALSE | P81: TRUE
A82: =IF(OR(I82="",J82=""),"미작업","완료") -> 완료 | B82: 81 | C82: 신사_L3 | D82: 신사 | E82: 신사 | F82: 신사역 | G82: 3 | H82: main | I82: 2480 | J82: 1828 | K82: =IF(I82="","",I82/Config!$B$2*100) -> 48.4375 | L82: =IF(J82="","",J82/Config!$B$3*100) -> 63.472222 | M82: 10 | N82: FALSE | O82: FALSE | P82: TRUE
A83: =IF(OR(I83="",J83=""),"미작업","완료") -> 완료 | B83: 82 | C83: 잠원_L3 | D83: 잠원 | E83: 잠원 | F83: 잠원역 | G83: 3 | H83: main | I83: 2480 | J83: 1884 | K83: =IF(I83="","",I83/Config!$B$2*100) -> 48.4375 | L83: =IF(J83="","",J83/Config!$B$3*100) -> 65.416667 | M83: 10 | N83: FALSE | O83: FALSE | P83: TRUE
A84: =IF(OR(I84="",J84=""),"미작업","완료") -> 완료 | B84: 83 | C84: 고속터미널_L3 | D84: 고속터미널 | E84: 고속터미널 | F84: 고속터미널역 | G84: 3 | H84: main | I84: 2480 | J84: 1964 | K84: =IF(I84="","",I84/Config!$B$2*100) -> 48.4375 | L84: =IF(J84="","",J84/Config!$B$3*100) -> 68.194444 | M84: 12 | N84: TRUE | O84: FALSE | P84: TRUE
A85: =IF(OR(I85="",J85=""),"미작업","완료") -> 완료 | B85: 84 | C85: 남부터미널_L3 | D85: 남부터미널 | E85: 남부터미널 | F85: 남부터미널역 | G85: 3 | H85: main | I85: 2480 | J85: 2252 | K85: =IF(I85="","",I85/Config!$B$2*100) -> 48.4375 | L85: =IF(J85="","",J85/Config!$B$3*100) -> 78.194444 | M85: 10 | N85: FALSE | O85: FALSE | P85: TRUE
A86: =IF(OR(I86="",J86=""),"미작업","완료") -> 완료 | B86: 85 | C86: 양재_L3 | D86: 양재 | E86: 양재 | F86: 양재역 | G86: 3 | H86: main | I86: 2616 | J86: 2252 | K86: =IF(I86="","",I86/Config!$B$2*100) -> 51.09375 | L86: =IF(J86="","",J86/Config!$B$3*100) -> 78.194444 | M86: 10 | N86: FALSE | O86: FALSE | P86: TRUE
... A98: =IF(OR(I98="",J98=""),"미작업","완료") -> 완료 | B98: 97 | C98: 동대문_L4 | D98: 동대문 | E98: 동대문 | F98: 동대문역 | G98: 4 | H98: main | I98: 2328 | J98: 980 | K98: =IF(I98="","",I98/Config!$B$2*100) -> 45.46875 | L98: =IF(J98="","",J98/Config!$B$3*100) -> 34.027778 | M98: 12 | N98: TRUE | O98: FALSE | P98: FALSE
A99: =IF(OR(I99="",J99=""),"미작업","완료") -> 완료 | B99: 98 | C99: 동대문역사문화공원_L4 | D99: 동대문역사문화공원 | E99: 동대문역사문화공원 | F99: 동대문역사문화공원역 | G99: 4 | H99: main | I99: 2328 | J99: 1144 | K99: =IF(I99="","",I99/Config!$B$2*100) -> 45.46875 | L99: =IF(J99="","",J99/Config!$B$3*100) -> 39.722222 | M99: 12 | N99: TRUE | O99: FALSE | P99: FALSE | Q99: 동대문역사문화공원(DDP)
A100: =IF(OR(I100="",J100=""),"미작업","완료") -> 완료 | B100: 99 | C100: 사당_L4 | D100: 사당 | E100: 사당 | F100: 사당역 | G100: 4 | H100: main | I100: 2200 | J100: 2116 | K100: =IF(I100="","",I100/Config!$B$2*100) -> 42.96875 | L100: =IF(J100="","",J100/Config!$B$3*100) -> 73.472222 | M100: 12 | N100: TRUE | O100: FALSE | P100: FALSE
A101: =IF(OR(I101="",J101=""),"미작업","완료") -> 완료 | B101: 100 | C101: 충무로_L4 | D101: 충무로 | E101: 충무로 | F101: 충무로역 | G101: 4 | H101: main | I101: 2328 | J101: 1244 | K101: =IF(I101="","",I101/Config!$B$2*100) -> 45.46875 | L101: =IF(J101="","",J101/Config!$B$3*100) -> 43.194444 | M101: 12 | N101: TRUE | O101: FALSE | P101: FALSE
A102: =IF(OR(I102="",J102=""),"미작업","완료") -> 완료 | B102: 101 | C102: 불암산_L4 | D102: 불암산 | E102: 불암산 | F102: 불암산역 | G102: 4 | H102: main | I102: 3744 | J102: 356 | K102: =IF(I102="","",I102/Config!$B$2*100) -> 73.125 | L102: =IF(J102="","",J102/Config!$B$3*100) -> 12.361111 | M102: 10 | N102: FALSE | O102: TRUE | P102: TRUE | Q102: 당고개
A103: =IF(OR(I103="",J103=""),"미작업","완료") -> 완료 | B103: 102 | C103: 상계_L4 | D103: 상계 | E103: 상계 | F103: 상계역 | G103: 4 | H103: main | I103: 3604 | J103: 356 | K103: =IF(I103="","",I103/Config!$B$2*100) -> 70.390625 | L103: =IF(J103="","",J103/Config!$B$3*100) -> 12.361111 | M103: 10 | N103: FALSE | O103: FALSE | P103: TRUE
A104: =IF(OR(I104="",J104=""),"미작업","완료") -> 완료 | B104: 103 | C104: 노원_L4 | D104: 노원 | E104: 노원 | F104: 노원역 | G104: 4 | H104: main | I104: 3464 | J104: 356 | K104: =IF(I104="","",I104/Config!$B$2*100) -> 67.65625 | L104: =IF(J104="","",J104/Config!$B$3*100) -> 12.361111 | M104: 12 | N104: TRUE | O104: FALSE | P104: TRUE
A105: =IF(OR(I105="",J105=""),"미작업","완료") -> 완료 | B105: 104 | C105: 창동_L4 | D105: 창동 | E105: 창동 | F105: 창동역 | G105: 4 | H105: main | I105: 3324 | J105: 458 | K105: =IF(I105="","",I105/Config!$B$2*100) -> 64.921875 | L105: =IF(J105="","",J105/Config!$B$3*100) -> 15.902778 | M105: 10 | N105: FALSE | O105: FALSE | P105: TRUE
A106: =IF(OR(I106="",J106=""),"미작업","완료") -> 완료 | B106: 105 | C106: 쌍문_L4 | D106: 쌍문 | E106: 쌍문 | F106: 쌍문역 | G106: 4 | H106: main | I106: 3194 | J106: 554 | K106: =IF(I106="","",I106/Config!$B$2*100) -> 62.382812 | L106: =IF(J106="","",J106/Config!$B$3*100) -> 19.236111 | M106: 10 | N106: FALSE | O106: FALSE | P106: TRUE
A107: =IF(OR(I107="",J107=""),"미작업","완료") -> 완료 | B107: 106 | C107: 수유_L4 | D107: 수유 | E107: 수유 | F107: 수유역 | G107: 4 | H107: main | I107: 3064 | J107: 648 | K107: =IF(I107="","",I107/Config!$B$2*100) -> 59.84375 | L107: =IF(J107="","",J107/Config!$B$3*100) -> 22.5 | M107: 10 | N107: FALSE | O107: FALSE | P107: TRUE
A108: =IF(OR(I108="",J108=""),"미작업","완료") -> 완료 | B108: 107 | C108: 미아_L4 | D108: 미아 | E108: 미아 | F108: 미아역 | G108: 4 | H108: main | I108: 2908 | J108: 648 | K108: =IF(I108="","",I108/Config!$B$2*100) -> 56.796875 | L108: =IF(J108="","",J108/Config!$B$3*100) -> 22.5 | M108: 10 | N108: FALSE | O108: FALSE | P108: TRUE
A109: =IF(OR(I109="",J109=""),"미작업","완료") -> 완료 | B109: 108 | C109: 미아사거리_L4 | D109: 미아사거리 | E109: 미아사거리 | F109: 미아사거리역 | G109: 4 | H109: main | I109: 2752 | J109: 648 | K109: =IF(I109="","",I109/Config!$B$2*100) -> 53.75 | L109: =IF(J109="","",J109/Config!$B$3*100) -> 22.5 | M109: 10 | N109: FALSE | O109: FALSE | P109: TRUE
A110: =IF(OR(I110="",J110=""),"미작업","완료") -> 완료 | B110: 109 | C110: 길음_L4 | D110: 길음 | E110: 길음 | F110: 길음역 | G110: 4 | H110: main | I110: 2596 | J110: 648 | K110: =IF(I110="","",I110/Config!$B$2*100) -> 50.703125 | L110: =IF(J110="","",J110/Config!$B$3*100) -> 22.5 | M110: 10 | N110: FALSE | O110: FALSE | P110: TRUE
A111: =IF(OR(I111="",J111=""),"미작업","완료") -> 완료 | B111: 110 | C111: 성신여대입구_L4 | D111: 성신여대입구 | E111: 성신여대입구 | F111: 성신여대입구역 | G111: 4 | H111: main | I111: 2440 | J111: 648 | K111: =IF(I111="","",I111/Config!$B$2*100) -> 47.65625 | L111: =IF(J111="","",J111/Config!$B$3*100) -> 22.5 | M111: 10 | N111: FALSE | O111: FALSE | P111: TRUE
A112: =IF(OR(I112="",J112=""),"미작업","완료") -> 완료 | B112: 111 | C112: 한성대입구_L4 | D112: 한성대입구 | E112: 한성대입구 | F112: 한성대입구역 | G112: 4 | H112: main | I112: 2328 | J112: 772 | K112: =IF(I112="","",I112/Config!$B$2*100) -> 45.46875 | L112: =IF(J112="","",J112/Config!$B$3*100) -> 26.805556 | M112: 10 | N112: FALSE | O112: FALSE | P112: TRUE
A113: =IF(OR(I113="",J113=""),"미작업","완료") -> 완료 | B113: 112 | C113: 혜화_L4 | D113: 혜화 | E113: 혜화 | F113: 혜화역 | G113: 4 | H113: main | I113: 2328 | J113: 876 | K113: =IF(I113="","",I113/Config!$B$2*100) -> 45.46875 | L113: =IF(J113="","",J113/Config!$B$3*100) -> 30.416667 | M113: 10 | N113: FALSE | O113: FALSE | P113: TRUE
A114: =IF(OR(I114="",J114=""),"미작업","완료") -> 완료 | B114: 113 | C114: 명동_L4 | D114: 명동 | E114: 명동 | F114: 명동역 | G114: 4 | H114: main | I114: 2192 | J114: 1308 | K114: =IF(I114="","",I114/Config!$B$2*100) -> 42.8125 | L114: =IF(J114="","",J114/Config!$B$3*100) -> 45.416667 | M114: 10 | N114: FALSE | O114: FALSE | P114: TRUE
A115: =IF(OR(I115="",J115=""),"미작업","완료") -> 완료 | B115: 114 | C115: 회현_L4 | D115: 회현 | E115: 회현 | F115: 회현역 | G115: 4 | H115: main | I115: 2076 | J115: 1308 | K115: =IF(I115="","",I115/Config!$B$2*100) -> 40.546875 | L115: =IF(J115="","",J115/Config!$B$3*100) -> 45.416667 | M115: 10 | N115: FALSE | O115: FALSE | P115: TRUE
A116: =IF(OR(I116="",J116=""),"미작업","완료") -> 완료 | B116: 115 | C116: 숙대입구_L4 | D116: 숙대입구 | E116: 숙대입구 | F116: 숙대입구역 | G116: 4 | H116: main | I116: 1940 | J116: 1392 | K116: =IF(I116="","",I116/Config!$B$2*100) -> 37.890625 | L116: =IF(J116="","",J116/Config!$B$3*100) -> 48.333333 | M116: 10 | N116: FALSE | O116: FALSE | P116: TRUE | Q116: 숙대입구(갈월)
A117: =IF(OR(I117="",J117=""),"미작업","완료") -> 완료 | B117: 116 | C117: 삼각지_L4 | D117: 삼각지 | E117: 삼각지 | F117: 삼각지역 | G117: 4 | H117: main | I117: 1940 | J117: 1476 | K117: =IF(I117="","",I117/Config!$B$2*100) -> 37.890625 | L117: =IF(J117="","",J117/Config!$B$3*100) -> 51.25 | M117: 12 | N117: TRUE | O117: FALSE | P117: TRUE
A118: =IF(OR(I118="",J118=""),"미작업","완료") -> 완료 | B118: 117 | C118: 신용산_L4 | D118: 신용산 | E118: 신용산 | F118: 신용산역 | G118: 4 | H118: main | I118: 2008 | J118: 1560 | K118: =IF(I118="","",I118/Config!$B$2*100) -> 39.21875 | L118: =IF(J118="","",J118/Config!$B$3*100) -> 54.166667 | M118: 10 | N118: FALSE | O118: FALSE | P118: TRUE
A119: =IF(OR(I119="",J119=""),"미작업","완료") -> 완료 | B119: 118 | C119: 이촌_L4 | D119: 이촌 | E119: 이촌 | F119: 이촌역 | G119: 4 | H119: main | I119: 2072 | J119: 1632 | K119: =IF(I119="","",I119/Config!$B$2*100) -> 40.46875 | L119: =IF(J119="","",J119/Config!$B$3*100) -> 56.666667 | M119: 10 | N119: FALSE | O119: FALSE | P119: TRUE
A120: =IF(OR(I120="",J120=""),"미작업","완료") -> 완료 | B120: 119 | C120: 동작_L4 | D120: 동작 | E120: 동작 | F120: 동작역 | G120: 4 | H120: main | I120: 2200 | J120: 1788 | K120: =IF(I120="","",I120/Config!$B$2*100) -> 42.96875 | L120: =IF(J120="","",J120/Config!$B$3*100) -> 62.083333 | M120: 10 | N120: FALSE | O120: FALSE | P120: TRUE
A121: =IF(OR(I121="",J121=""),"미작업","완료") -> 완료 | B121: 120 | C121: 이수_L4 | D121: 이수 | E121: 이수 | F121: 이수역 | G121: 4 | H121: main | I121: 2200 | J121: 1964 | K121: =IF(I121="","",I121/Config!$B$2*100) -> 42.96875 | L121: =IF(J121="","",J121/Config!$B$3*100) -> 68.194444 | M121: 12 | N121: TRUE | O121: FALSE | P121: TRUE | Q121: 총신대입구(이수)
A122: =IF(OR(I122="",J122=""),"미작업","완료") -> 완료 | B122: 121 | C122: 남태령_L4 | D122: 남태령 | E122: 남태령 | F122: 남태령역 | G122: 4 | H122: main | I122: 2200 | J122: 2252 | K122: =IF(I122="","",I122/Config!$B$2*100) -> 42.96875 | L122: =IF(J122="","",J122/Config!$B$3*100) -> 78.194444 | M122: 10 | N122: FALSE | O122: TRUE | P122: TRUE
A123: =IF(OR(I123="",J123=""),"미작업","완료") -> 완료 | B123: 122 | C123: 종로3가_L5 | D123: 종로3가 | E123: 종로3가 | F123: 종로3가역 | G123: 5 | H123: common | I123: 2084 | J123: 980 | K123: =IF(I123="","",I123/Config!$B$2*100) -> 40.703125 | L123: =IF(J123="","",J123/Config!$B$3*100) -> 34.027778 | M123: 12 | N123: TRUE | O123: FALSE | P123: FALSE
A124: =IF(OR(I124="",J124=""),"미작업","완료") -> 완료 | B124: 123 | C124: 을지로4가_L5 | D124: 을지로4가 | E124: 을지로4가 | F124: 을지로4가역 | G124: 5 | H124: common | I124: 2200 | J124: 1144 | K124: =IF(I124="","",I124/Config!$B$2*100) -> 42.96875 | L124: =IF(J124="","",J124/Config!$B$3*100) -> 39.722222 | M124: 12 | N124: TRUE | O124: FALSE | P124: FALSE
A125: =IF(OR(I125="",J125=""),"미작업","완료") -> 완료 | B125: 124 | C125: 동대문역사문화공원_L5 | D125: 동대문역사문화공원 | E125: 동대문역사문화공원 | F125: 동대문역사문화공원역 | G125: 5 | H125: common | I125: 2328 | J125: 1144 | K125: =IF(I125="","",I125/Config!$B$2*100) -> 45.46875 | L125: =IF(J125="","",J125/Config!$B$3*100) -> 39.722222 | M125: 12 | N125: TRUE | O125: FALSE | P125: FALSE | Q125: 동대문역사문화공원(DDP)
A126: =IF(OR(I126="",J126=""),"미작업","완료") -> 완료 | B126: 125 | C126: 왕십리_L5 | D126: 왕십리 | E126: 왕십리 | F126: 왕십리역 | G126: 5 | H126: common | I126: 2740 | J126: 1144 | K126: =IF(I126="","",I126/Config!$B$2*100) -> 53.515625 | L126: =IF(J126="","",J126/Config!$B$3*100) -> 39.722222 | M126: 12 | N126: TRUE | O126: FALSE | P126: FALSE
A127: =IF(OR(I127="",J127=""),"미작업","완료") -> 완료 | B127: 126 | C127: 영등포구청_L5 | D127: 영등포구청 | E127: 영등포구청 | F127: 영등포구청역 | G127: 5 | H127: common | I127: 1424 | J127: 1660 | K127: =IF(I127="","",I127/Config!$B$2*100) -> 27.8125 | L127: =IF(J127="","",J127/Config!$B$3*100) -> 57.638889 | M127: 12 | N127: TRUE | O127: FALSE | P127: FALSE
A128: =IF(OR(I128="",J128=""),"미작업","완료") -> 완료 | B128: 127 | C128: 충정로_L5 | D128: 충정로 | E128: 충정로 | F128: 충정로역 | G128: 5 | H128: common | I128: 1752 | J128: 1144 | K128: =IF(I128="","",I128/Config!$B$2*100) -> 34.21875 | L128: =IF(J128="","",J128/Config!$B$3*100) -> 39.722222 | M128: 12 | N128: TRUE | O128: FALSE | P128: FALSE
A129: =IF(OR(I129="",J129=""),"미작업","완료") -> 완료 | B129: 128 | C129: 까치산_L5 | D129: 까치산 | E129: 까치산 | F129: 까치산역 | G129: 5 | H129: common | I129: 1108 | J129: 1348 | K129: =IF(I129="","",I129/Config!$B$2*100) -> 21.640625 | L129: =IF(J129="","",J129/Config!$B$3*100) -> 46.805556 | M129: 12 | N129: TRUE | O129: FALSE | P129: FALSE
A130: =IF(OR(I130="",J130=""),"미작업","완료") -> 완료 | B130: 129 | C130: 오금_L5 | D130: 오금 | E130: 오금 | F130: 오금역 | G130: 5 | H130: macheon_branch | I130: 3696 | J130: 1992 | K130: =IF(I130="","",I130/Config!$B$2*100) -> 72.1875 | L130: =IF(J130="","",J130/Config!$B$3*100) -> 69.166667 | M130: 12 | N130: TRUE | O130: FALSE | P130: FALSE
A131: =IF(OR(I131="",J131=""),"미작업","완료") -> 완료 | B131: 130 | C131: 방화_L5 | D131: 방화 | E131: 방화 | F131: 방화역 | G131: 5 | H131: common | I131: 788 | J131: 828 | K131: =IF(I131="","",I131/Config!$B$2*100) -> 15.390625 | L131: =IF(J131="","",J131/Config!$B$3*100) -> 28.75 | M131: 10 | N131: FALSE | O131: TRUE | P131: TRUE
A132: =IF(OR(I132="",J132=""),"미작업","완료") -> 완료 | B132: 131 | C132: 개화산_L5 | D132: 개화산 | E132: 개화산 | F132: 개화산역 | G132: 5 | H132: common | I132: 788 | J132: 900 | K132: =IF(I132="","",I132/Config!$B$2*100) -> 15.390625 | L132: =IF(J132="","",J132/Config!$B$3*100) -> 31.25 | M132: 10 | N132: FALSE | O132: FALSE | P132: TRUE
A133: =IF(OR(I133="",J133=""),"미작업","완료") -> 완료 | B133: 132 | C133: 김포공항_L5 | D133: 김포공항 | E133: 김포공항 | F133: 김포공항역 | G133: 5 | H133: common | I133: 788 | J133: 972 | K133: =IF(I133="","",I133/Config!$B$2*100) -> 15.390625 | L133: =IF(J133="","",J133/Config!$B$3*100) -> 33.75 | M133: 10 | N133: FALSE | O133: FALSE | P133: TRUE
A134: =IF(OR(I134="",J134=""),"미작업","완료") -> 완료 | B134: 133 | C134: 송정_L5 | D134: 송정 | E134: 송정 | F134: 송정역 | G134: 5 | H134: common | I134: 828 | J134: 1066 | K134: =IF(I134="","",I134/Config!$B$2*100) -> 16.171875 | L134: =IF(J134="","",J134/Config!$B$3*100) -> 37.013889 | M134: 10 | N134: FALSE | O134: FALSE | P134: TRUE
A135: =IF(OR(I135="",J135=""),"미작업","완료") -> 완료 | B135: 134 | C135: 마곡_L5 | D135: 마곡 | E135: 마곡 | F135: 마곡역 | G135: 5 | H135: common | I135: 880 | J135: 1120 | K135: =IF(I135="","",I135/Config!$B$2*100) -> 17.1875 | L135: =IF(J135="","",J135/Config!$B$3*100) -> 38.888889 | M135: 10 | N135: FALSE | O135: FALSE | P135: TRUE
A136: =IF(OR(I136="",J136=""),"미작업","완료") -> 완료 | B136: 135 | C136: 발산_L5 | D136: 발산 | E136: 발산 | F136: 발산역 | G136: 5 | H136: common | I136: 938 | J136: 1176 | K136: =IF(I136="","",I136/Config!$B$2*100) -> 18.320312 | L136: =IF(J136="","",J136/Config!$B$3*100) -> 40.833333 | M136: 10 | N136: FALSE | O136: FALSE | P136: TRUE
A137: =IF(OR(I137="",J137=""),"미작업","완료") -> 완료 | B137: 136 | C137: 우장산_L5 | D137: 우장산 | E137: 우장산 | F137: 우장산역 | G137: 5 | H137: common | I137: 996 | J137: 1234 | K137: =IF(I137="","",I137/Config!$B$2*100) -> 19.453125 | L137: =IF(J137="","",J137/Config!$B$3*100) -> 42.847222 | M137: 10 | N137: FALSE | O137: FALSE | P137: TRUE
... A150: =IF(OR(I150="",J150=""),"미작업","완료") -> 완료 | B150: 149 | C150: 서대문_L5 | D150: 서대문 | E150: 서대문 | F150: 서대문역 | G150: 5 | H150: common | I150: 1752 | J150: 980 | K150: =IF(I150="","",I150/Config!$B$2*100) -> 34.21875 | L150: =IF(J150="","",J150/Config!$B$3*100) -> 34.027778 | M150: 10 | N150: FALSE | O150: FALSE | P150: TRUE
A151: =IF(OR(I151="",J151=""),"미작업","완료") -> 완료 | B151: 150 | C151: 광화문_L5 | D151: 광화문 | E151: 광화문 | F151: 광화문역 | G151: 5 | H151: common | I151: 1916 | J151: 980 | K151: =IF(I151="","",I151/Config!$B$2*100) -> 37.421875 | L151: =IF(J151="","",J151/Config!$B$3*100) -> 34.027778 | M151: 10 | N151: FALSE | O151: FALSE | P151: TRUE | Q151: 광화문(세종문화회관)
A152: =IF(OR(I152="",J152=""),"미작업","완료") -> 완료 | B152: 151 | C152: 청구_L5 | D152: 청구 | E152: 청구 | F152: 청구역 | G152: 5 | H152: common | I152: 2528 | J152: 1244 | K152: =IF(I152="","",I152/Config!$B$2*100) -> 49.375 | L152: =IF(J152="","",J152/Config!$B$3*100) -> 43.194444 | M152: 12 | N152: TRUE | O152: FALSE | P152: TRUE
A153: =IF(OR(I153="",J153=""),"미작업","완료") -> 완료 | B153: 152 | C153: 신금호_L5 | D153: 신금호 | E153: 신금호 | F153: 신금호역 | G153: 5 | H153: common | I153: 2628 | J153: 1344 | K153: =IF(I153="","",I153/Config!$B$2*100) -> 51.328125 | L153: =IF(J153="","",J153/Config!$B$3*100) -> 46.666667 | M153: 10 | N153: FALSE | O153: FALSE | P153: TRUE
A154: =IF(OR(I154="",J154=""),"미작업","완료") -> 완료 | B154: 153 | C154: 행당_L5 | D154: 행당 | E154: 행당 | F154: 행당역 | G154: 5 | H154: common | I154: 2740 | J154: 1244 | K154: =IF(I154="","",I154/Config!$B$2*100) -> 53.515625 | L154: =IF(J154="","",J154/Config!$B$3*100) -> 43.194444 | M154: 10 | N154: FALSE | O154: FALSE | P154: TRUE
A155: =IF(OR(I155="",J155=""),"미작업","완료") -> 완료 | B155: 154 | C155: 마장_L5 | D155: 마장 | E155: 마장 | F155: 마장역 | G155: 5 | H155: common | I155: 2884 | J155: 1144 | K155: =IF(I155="","",I155/Config!$B$2*100) -> 56.328125 | L155: =IF(J155="","",J155/Config!$B$3*100) -> 39.722222 | M155: 10 | N155: FALSE | O155: FALSE | P155: TRUE
A156: =IF(OR(I156="",J156=""),"미작업","완료") -> 완료 | B156: 155 | C156: 답십리_L5 | D156: 답십리 | E156: 답십리 | F156: 답십리역 | G156: 5 | H156: common | I156: 3084 | J156: 1144 | K156: =IF(I156="","",I156/Config!$B$2*100) -> 60.234375 | L156: =IF(J156="","",J156/Config!$B$3*100) -> 39.722222 | M156: 10 | N156: FALSE | O156: FALSE | P156: TRUE
A157: =IF(OR(I157="",J157=""),"미작업","완료") -> 완료 | B157: 156 | C157: 장한평_L5 | D157: 장한평 | E157: 장한평 | F157: 장한평역 | G157: 5 | H157: common | I157: 3192 | J157: 1144 | K157: =IF(I157="","",I157/Config!$B$2*100) -> 62.34375 | L157: =IF(J157="","",J157/Config!$B$3*100) -> 39.722222 | M157: 10 | N157: FALSE | O157: FALSE | P157: TRUE
A158: =IF(OR(I158="",J158=""),"미작업","완료") -> 완료 | B158: 157 | C158: 군자_L5 | D158: 군자 | E158: 군자 | F158: 군자역 | G158: 5 | H158: common | I158: 3192 | J158: 1250 | K158: =IF(I158="","",I158/Config!$B$2*100) -> 62.34375 | L158: =IF(J158="","",J158/Config!$B$3*100) -> 43.402778 | M158: 12 | N158: TRUE | O158: FALSE | P158: TRUE
A159: =IF(OR(I159="",J159=""),"미작업","완료") -> 완료 | B159: 158 | C159: 아차산_L5 | D159: 아차산 | E159: 아차산 | F159: 아차산역 | G159: 5 | H159: common | I159: 3192 | J159: 1368 | K159: =IF(I159="","",I159/Config!$B$2*100) -> 62.34375 | L159: =IF(J159="","",J159/Config!$B$3*100) -> 47.5 | M159: 10 | N159: FALSE | O159: FALSE | P159: TRUE
A160: =IF(OR(I160="",J160=""),"미작업","완료") -> 완료 | B160: 159 | C160: 광나루_L5 | D160: 광나루 | E160: 광나루 | F160: 광나루역 | G160: 5 | H160: common | I160: 3192 | J160: 1484 | K160: =IF(I160="","",I160/Config!$B$2*100) -> 62.34375 | L160: =IF(J160="","",J160/Config!$B$3*100) -> 51.527778 | M160: 10 | N160: FALSE | O160: FALSE | P160: TRUE
A161: =IF(OR(I161="",J161=""),"미작업","완료") -> 완료 | B161: 160 | C161: 천호_L5 | D161: 천호 | E161: 천호 | F161: 천호역 | G161: 5 | H161: common | I161: 3340 | J161: 1636 | K161: =IF(I161="","",I161/Config!$B$2*100) -> 65.234375 | L161: =IF(J161="","",J161/Config!$B$3*100) -> 56.805556 | M161: 12 | N161: TRUE | O161: FALSE | P161: TRUE
A162: =IF(OR(I162="",J162=""),"미작업","완료") -> 완료 | B162: 161 | C162: 강동_L5 | D162: 강동 | E162: 강동 | F162: 강동역 | G162: 5 | H162: common;hanam_branch;macheon_branch | I162: 3468 | J162: 1760 | K162: =IF(I162="","",I162/Config!$B$2*100) -> 67.734375 | L162: =IF(J162="","",J162/Config!$B$3*100) -> 61.111111 | M162: 10 | N162: FALSE | O162: TRUE | P162: TRUE
A163: =IF(OR(I163="",J163=""),"미작업","완료") -> 완료 | B163: 162 | C163: 길동_L5 | D163: 길동 | E163: 길동 | F163: 길동역 | G163: 5 | H163: hanam_branch | I163: 3616 | J163: 1760 | K163: =IF(I163="","",I163/Config!$B$2*100) -> 70.625 | L163: =IF(J163="","",J163/Config!$B$3*100) -> 61.111111 | M163: 10 | N163: FALSE | O163: FALSE | P163: TRUE
... A170: =IF(OR(I170="",J170=""),"미작업","완료") -> 완료 | B170: 169 | C170: 하남풍산_L5 | D170: 하남풍산 | E170: 하남풍산 | F170: 하남풍산역 | G170: 5 | H170: hanam_branch | I170: 4356 | J170: 1976 | K170: =IF(I170="","",I170/Config!$B$2*100) -> 85.078125 | L170: =IF(J170="","",J170/Config!$B$3*100) -> 68.611111 | M170: 10 | N170: FALSE | O170: FALSE | P170: TRUE
A171: =IF(OR(I171="",J171=""),"미작업","완료") -> 완료 | B171: 170 | C171: 하남시청_L5 | D171: 하남시청 | E171: 하남시청 | F171: 하남시청역 | G171: 5 | H171: hanam_branch | I171: 4356 | J171: 2084 | K171: =IF(I171="","",I171/Config!$B$2*100) -> 85.078125 | L171: =IF(J171="","",J171/Config!$B$3*100) -> 72.361111 | M171: 10 | N171: FALSE | O171: FALSE | P171: TRUE | Q171: 하남시청(덕풍·신장)
A172: =IF(OR(I172="",J172=""),"미작업","완료") -> 완료 | B172: 171 | C172: 하남검단산_L5 | D172: 하남검단산 | E172: 하남검단산 | F172: 하남검단산역 | G172: 5 | H172: hanam_branch | I172: 4356 | J172: 2192 | K172: =IF(I172="","",I172/Config!$B$2*100) -> 85.078125 | L172: =IF(J172="","",J172/Config!$B$3*100) -> 76.111111 | M172: 10 | N172: FALSE | O172: TRUE | P172: TRUE
...

Sheet Station_Click_Areas
A1: mark_status | B1: station_key | C1: station_name | D1: display_name | E1: available_lines | F1: click_x_px | G1: click_y_px | H1: click_x_pct | I1: click_y_pct | J1: click_radius_px | K1: click_shape | L1: source_method | M1: manual_override_note
A2: =IF(OR(F2="",G2=""),"미작업","완료") -> 완료 | B2: 서울역 | C2: 서울역 | D2: 서울역 | E2: 1,4 | F2: =IFERROR(AVERAGEIF(Station_Visual_Nodes!$D:$D,B2,Station_Visual_Nodes!$I:$I),"") -> 1916 | G2: =IFERROR(AVERAGEIF(Station_Visual_Nodes!$D:$D,B2,Station_Visual_Nodes!$J:$J),"") -> 1308 | H2: =IF(F2="","",F2/Config!$B$2*100) -> 37.421875 | I2: =IF(G2="","",G2/Config!$B$3*100) -> 45.416667 | J2: 42 | K2: circle | L2: auto_from_visual_nodes_avg
A3: =IF(OR(F3="",G3=""),"미작업","완료") -> 완료 | B3: 시청 | C3: 시청 | D3: 시청역 | E3: 1,2 | F3: =IFERROR(AVERAGEIF(Station_Visual_Nodes!$D:$D,B3,Station_Visual_Nodes!$I:$I),"") -> 1916 | G3: =IFERROR(AVERAGEIF(Station_Visual_Nodes!$D:$D,B3,Station_Visual_Nodes!$J:$J),"") -> 1144 | H3: =IF(F3="","",F3/Config!$B$2*100) -> 37.421875 | I3: =IF(G3="","",G3/Config!$B$3*100) -> 39.722222 | J3: 42 | K3: circle | L3: auto_from_visual_nodes_avg
A4: =IF(OR(F4="",G4=""),"미작업","완료") -> 완료 | B4: 종각 | C4: 종각 | D4: 종각역 | E4: 1 | F4: =IFERROR(AVERAGEIF(Station_Visual_Nodes!$D:$D,B4,Station_Visual_Nodes!$I:$I),"") -> 1916 | G4: =IFERROR(AVERAGEIF(Station_Visual_Nodes!$D:$D,B4,Station_Visual_Nodes!$J:$J),"") -> 1048 | H4: =IF(F4="","",F4/Config!$B$2*100) -> 37.421875 | I4: =IF(G4="","",G4/Config!$B$3*100) -> 36.388889 | J4: 24 | K4: circle | L4: auto_from_visual_nodes_avg
A5: =IF(OR(F5="",G5=""),"미작업","완료") -> 완료 | B5: 종로3가 | C5: 종로3가 | D5: 종로3가역 | E5: 1,3,5 | F5: =IFERROR(AVERAGEIF(Station_Visual_Nodes!$D:$D,B5,Station_Visual_Nodes!$I:$I),"") -> 2084 | G5: =IFERROR(AVERAGEIF(Station_Visual_Nodes!$D:$D,B5,Station_Visual_Nodes!$J:$J),"") -> 980 | H5: =IF(F5="","",F5/Config!$B$2*100) -> 40.703125 | I5: =IF(G5="","",G5/Config!$B$3*100) -> 34.027778 | J5: 52 | K5: circle | L5: auto_from_visual_nodes_avg
A6: =IF(OR(F6="",G6=""),"미작업","완료") -> 완료 | B6: 종로5가 | C6: 종로5가 | D6: 종로5가역 | E6: 1 | F6: =IFERROR(AVERAGEIF(Station_Visual_Nodes!$D:$D,B6,Station_Visual_Nodes!$I:$I),"") -> 2240 | G6: =IFERROR(AVERAGEIF(Station_Visual_Nodes!$D:$D,B6,Station_Visual_Nodes!$J:$J),"") -> 980 | H6: =IF(F6="","",F6/Config!$B$2*100) -> 43.75 | I6: =IF(G6="","",G6/Config!$B$3*100) -> 34.027778 | J6: 24 | K6: circle | L6: auto_from_visual_nodes_avg
A7: =IF(OR(F7="",G7=""),"미작업","완료") -> 완료 | B7: 동대문 | C7: 동대문 | D7: 동대문역 | E7: 1,4 | F7: =IFERROR(AVERAGEIF(Station_Visual_Nodes!$D:$D,B7,Station_Visual_Nodes!$I:$I),"") -> 2328 | G7: =IFERROR(AVERAGEIF(Station_Visual_Nodes!$D:$D,B7,Station_Visual_Nodes!$J:$J),"") -> 980 | H7: =IF(F7="","",F7/Config!$B$2*100) -> 45.46875 | I7: =IF(G7="","",G7/Config!$B$3*100) -> 34.027778 | J7: 42 | K7: circle | L7: auto_from_visual_nodes_avg
A8: =IF(OR(F8="",G8=""),"미작업","완료") -> 완료 | B8: 동묘앞 | C8: 동묘앞 | D8: 동묘앞역 | E8: 1,6 | F8: =IFERROR(AVERAGEIF(Station_Visual_Nodes!$D:$D,B8,Station_Visual_Nodes!$I:$I),"") -> 2528 | G8: =IFERROR(AVERAGEIF(Station_Visual_Nodes!$D:$D,B8,Station_Visual_Nodes!$J:$J),"") -> 980 | H8: =IF(F8="","",F8/Config!$B$2*100) -> 49.375 | I8: =IF(G8="","",G8/Config!$B$3*100) -> 34.027778 | J8: 42 | K8: circle | L8: auto_from_visual_nodes_avg
A9: =IF(OR(F9="",G9=""),"미작업","완료") -> 완료 | B9: 신설동 | C9: 신설동 | D9: 신설동역 | E9: 1,2 | F9: =IFERROR(AVERAGEIF(Station_Visual_Nodes!$D:$D,B9,Station_Visual_Nodes!$I:$I),"") -> 2712 | G9: =IFERROR(AVERAGEIF(Station_Visual_Nodes!$D:$D,B9,Station_Visual_Nodes!$J:$J),"") -> 980 | H9: =IF(F9="","",F9/Config!$B$2*100) -> 52.96875 | I9: =IF(G9="","",G9/Config!$B$3*100) -> 34.027778 | J9: 42 | K9: circle | L9: auto_from_visual_nodes_avg
A10: =IF(OR(F10="",G10=""),"미작업","완료") -> 완료 | B10: 제기동 | C10: 제기동 | D10: 제기동역 | E10: 1 | F10: =IFERROR(AVERAGEIF(Station_Visual_Nodes!$D:$D,B10,Station_Visual_Nodes!$I:$I),"") -> 2864 | G10: =IFERROR(AVERAGEIF(Station_Visual_Nodes!$D:$D,B10,Station_Visual_Nodes!$J:$J),"") -> 980 | H10: =IF(F10="","",F10/Config!$B$2*100) -> 55.9375 | I10: =IF(G10="","",G10/Config!$B$3*100) -> 34.027778 | J10: 24 | K10: circle | L10: auto_from_visual_nodes_avg
A11: =IF(OR(F11="",G11=""),"미작업","완료") -> 완료 | B11: 청량리 | C11: 청량리 | D11: 청량리역 | E11: 1 | F11: =IFERROR(AVERAGEIF(Station_Visual_Nodes!$D:$D,B11,Station_Visual_Nodes!$I:$I),"") -> 3020 | G11: =IFERROR(AVERAGEIF(Station_Visual_Nodes!$D:$D,B11,Station_Visual_Nodes!$J:$J),"") -> 980 | H11: =IF(F11="","",F11/Config!$B$2*100) -> 58.984375 | I11: =IF(G11="","",G11/Config!$B$3*100) -> 34.027778 | J11: 24 | K11: circle | L11: auto_from_visual_nodes_avg
A12: =IF(OR(F12="",G12=""),"미작업","완료") -> 완료 | B12: 을지로입구 | C12: 을지로입구 | D12: 을지로입구역 | E12: 2 | F12: =IFERROR(AVERAGEIF(Station_Visual_Nodes!$D:$D,B12,Station_Visual_Nodes!$I:$I),"") -> 2000 | G12: =IFERROR(AVERAGEIF(Station_Visual_Nodes!$D:$D,B12,Station_Visual_Nodes!$J:$J),"") -> 1144 | H12: =IF(F12="","",F12/Config!$B$2*100) -> 39.0625 | I12: =IF(G12="","",G12/Config!$B$3*100) -> 39.722222 | J12: 24 | K12: circle | L12: auto_from_visual_nodes_avg
A13: =IF(OR(F13="",G13=""),"미작업","완료") -> 완료 | B13: 을지로3가 | C13: 을지로3가 | D13: 을지로3가역 | E13: 2,3 | F13: =IFERROR(AVERAGEIF(Station_Visual_Nodes!$D:$D,B13,Station_Visual_Nodes!$I:$I),"") -> 2084 | G13: =IFERROR(AVERAGEIF(Station_Visual_Nodes!$D:$D,B13,Station_Visual_Nodes!$J:$J),"") -> 1144 | H13: =IF(F13="","",F13/Config!$B$2*100) -> 40.703125 | I13: =IF(G13="","",G13/Config!$B$3*100) -> 39.722222 | J13: 42 | K13: circle | L13: auto_from_visual_nodes_avg
... A241: =IF(OR(F241="",G241=""),"미작업","완료") -> 완료 | B241: 모란 | C241: 모란 | D241: 모란역 | E241: 8 | F241: =IFERROR(AVERAGEIF(Station_Visual_Nodes!$D:$D,B241,Station_Visual_Nodes!$I:$I),"") -> 3392 | G241: =IFERROR(AVERAGEIF(Station_Visual_Nodes!$D:$D,B241,Station_Visual_Nodes!$J:$J),"") -> 2652 | H241: =IF(F241="","",F241/Config!$B$2*100) -> 66.25 | I241: =IF(G241="","",G241/Config!$B$3*100) -> 92.083333 | J241: 24 | K241: circle | L241: auto_from_visual_nodes_avg

Sheet Station_Labels
A1: mark_status | B1: station_key | C1: station_name | D1: display_name | E1: available_lines | F1: label_x_px | G1: label_y_px | H1: label_x_pct | I1: label_y_pct | J1: label_size_px | K1: label_weight | L1: label_anchor | M1: label_rotation | N1: source_method | O1: memo
A2: =IF(OR(F2="",G2=""),"미작업","완료") -> 완료 | B2: 서울역 | C2: 서울역 | D2: 서울역 | E2: 1,4 | F2: =IFERROR(INDEX(Station_Click_Areas!$F:$F,MATCH(B2,Station_Click_Areas!$B:$B,0)),"") -> 1916 | G2: =IFERROR(INDEX(Station_Click_Areas!$G:$G,MATCH(B2,Station_Click_Areas!$B:$B,0)),"") -> 1308 | H2: =IF(F2="","",F2/Config!$B$2*100) -> 37.421875 | I2: =IF(G2="","",G2/Config!$B$3*100) -> 45.416667 | J2: 12 | K2: bold | L2: center | M2: 0 | N2: default_from_click_area
A3: =IF(OR(F3="",G3=""),"미작업","완료") -> 완료 | B3: 시청 | C3: 시청 | D3: 시청역 | E3: 1,2 | F3: =IFERROR(INDEX(Station_Click_Areas!$F:$F,MATCH(B3,Station_Click_Areas!$B:$B,0)),"") -> 1916 | G3: =IFERROR(INDEX(Station_Click_Areas!$G:$G,MATCH(B3,Station_Click_Areas!$B:$B,0)),"") -> 1144 | H3: =IF(F3="","",F3/Config!$B$2*100) -> 37.421875 | I3: =IF(G3="","",G3/Config!$B$3*100) -> 39.722222 | J3: 12 | K3: bold | L3: center | M3: 0 | N3: default_from_click_area
A4: =IF(OR(F4="",G4=""),"미작업","완료") -> 완료 | B4: 종각 | C4: 종각 | D4: 종각역 | E4: 1 | F4: =IFERROR(INDEX(Station_Click_Areas!$F:$F,MATCH(B4,Station_Click_Areas!$B:$B,0)),"") -> 1916 | G4: =IFERROR(INDEX(Station_Click_Areas!$G:$G,MATCH(B4,Station_Click_Areas!$B:$B,0)),"") -> 1048 | H4: =IF(F4="","",F4/Config!$B$2*100) -> 37.421875 | I4: =IF(G4="","",G4/Config!$B$3*100) -> 36.388889 | J4: 10.5 | K4: normal | L4: center | M4: 0 | N4: default_from_click_area
A5: =IF(OR(F5="",G5=""),"미작업","완료") -> 완료 | B5: 종로3가 | C5: 종로3가 | D5: 종로3가역 | E5: 1,3,5 | F5: =IFERROR(INDEX(Station_Click_Areas!$F:$F,MATCH(B5,Station_Click_Areas!$B:$B,0)),"") -> 2084 | G5: =IFERROR(INDEX(Station_Click_Areas!$G:$G,MATCH(B5,Station_Click_Areas!$B:$B,0)),"") -> 980 | H5: =IF(F5="","",F5/Config!$B$2*100) -> 40.703125 | I5: =IF(G5="","",G5/Config!$B$3*100) -> 34.027778 | J5: 13 | K5: bold | L5: center | M5: 0 | N5: default_from_click_area
A6: =IF(OR(F6="",G6=""),"미작업","완료") -> 완료 | B6: 종로5가 | C6: 종로5가 | D6: 종로5가역 | E6: 1 | F6: =IFERROR(INDEX(Station_Click_Areas!$F:$F,MATCH(B6,Station_Click_Areas!$B:$B,0)),"") -> 2240 | G6: =IFERROR(INDEX(Station_Click_Areas!$G:$G,MATCH(B6,Station_Click_Areas!$B:$B,0)),"") -> 980 | H6: =IF(F6="","",F6/Config!$B$2*100) -> 43.75 | I6: =IF(G6="","",G6/Config!$B$3*100) -> 34.027778 | J6: 10.5 | K6: normal | L6: center | M6: 0 | N6: default_from_click_area
A7: =IF(OR(F7="",G7=""),"미작업","완료") -> 완료 | B7: 동대문 | C7: 동대문 | D7: 동대문역 | E7: 1,4 | F7: =IFERROR(INDEX(Station_Click_Areas!$F:$F,MATCH(B7,Station_Click_Areas!$B:$B,0)),"") -> 2328 | G7: =IFERROR(INDEX(Station_Click_Areas!$G:$G,MATCH(B7,Station_Click_Areas!$B:$B,0)),"") -> 980 | H7: =IF(F7="","",F7/Config!$B$2*100) -> 45.46875 | I7: =IF(G7="","",G7/Config!$B$3*100) -> 34.027778 | J7: 12 | K7: bold | L7: center | M7: 0 | N7: default_from_click_area
A8: =IF(OR(F8="",G8=""),"미작업","완료") -> 완료 | B8: 동묘앞 | C8: 동묘앞 | D8: 동묘앞역 | E8: 1,6 | F8: =IFERROR(INDEX(Station_Click_Areas!$F:$F,MATCH(B8,Station_Click_Areas!$B:$B,0)),"") -> 2528 | G8: =IFERROR(INDEX(Station_Click_Areas!$G:$G,MATCH(B8,Station_Click_Areas!$B:$B,0)),"") -> 980 | H8: =IF(F8="","",F8/Config!$B$2*100) -> 49.375 | I8: =IF(G8="","",G8/Config!$B$3*100) -> 34.027778 | J8: 12 | K8: bold | L8: center | M8: 0 | N8: default_from_click_area
A9: =IF(OR(F9="",G9=""),"미작업","완료") -> 완료 | B9: 신설동 | C9: 신설동 | D9: 신설동역 | E9: 1,2 | F9: =IFERROR(INDEX(Station_Click_Areas!$F:$F,MATCH(B9,Station_Click_Areas!$B:$B,0)),"") -> 2712 | G9: =IFERROR(INDEX(Station_Click_Areas!$G:$G,MATCH(B9,Station_Click_Areas!$B:$B,0)),"") -> 980 | H9: =IF(F9="","",F9/Config!$B$2*100) -> 52.96875 | I9: =IF(G9="","",G9/Config!$B$3*100) -> 34.027778 | J9: 12 | K9: bold | L9: center | M9: 0 | N9: default_from_click_area
A10: =IF(OR(F10="",G10=""),"미작업","완료") -> 완료 | B10: 제기동 | C10: 제기동 | D10: 제기동역 | E10: 1 | F10: =IFERROR(INDEX(Station_Click_Areas!$F:$F,MATCH(B10,Station_Click_Areas!$B:$B,0)),"") -> 2864 | G10: =IFERROR(INDEX(Station_Click_Areas!$G:$G,MATCH(B10,Station_Click_Areas!$B:$B,0)),"") -> 980 | H10: =IF(F10="","",F10/Config!$B$2*100) -> 55.9375 | I10: =IF(G10="","",G10/Config!$B$3*100) -> 34.027778 | J10: 10.5 | K10: normal | L10: center | M10: 0 | N10: default_from_click_area
A11: =IF(OR(F11="",G11=""),"미작업","완료") -> 완료 | B11: 청량리 | C11: 청량리 | D11: 청량리역 | E11: 1 | F11: =IFERROR(INDEX(Station_Click_Areas!$F:$F,MATCH(B11,Station_Click_Areas!$B:$B,0)),"") -> 3020 | G11: =IFERROR(INDEX(Station_Click_Areas!$G:$G,MATCH(B11,Station_Click_Areas!$B:$B,0)),"") -> 980 | H11: =IF(F11="","",F11/Config!$B$2*100) -> 58.984375 | I11: =IF(G11="","",G11/Config!$B$3*100) -> 34.027778 | J11: 10.5 | K11: normal | L11: center | M11: 0 | N11: default_from_click_area
A12: =IF(OR(F12="",G12=""),"미작업","완료") -> 완료 | B12: 을지로입구 | C12: 을지로입구 | D12: 을지로입구역 | E12: 2 | F12: =IFERROR(INDEX(Station_Click_Areas!$F:$F,MATCH(B12,Station_Click_Areas!$B:$B,0)),"") -> 2000 | G12: =IFERROR(INDEX(Station_Click_Areas!$G:$G,MATCH(B12,Station_Click_Areas!$B:$B,0)),"") -> 1144 | H12: =IF(F12="","",F12/Config!$B$2*100) -> 39.0625 | I12: =IF(G12="","",G12/Config!$B$3*100) -> 39.722222 | J12: 10.5 | K12: normal | L12: center | M12: 0 | N12: default_from_click_area
A13: =IF(OR(F13="",G13=""),"미작업","완료") -> 완료 | B13: 을지로3가 | C13: 을지로3가 | D13: 을지로3가역 | E13: 2,3 | F13: =IFERROR(INDEX(Station_Click_Areas!$F:$F,MATCH(B13,Station_Click_Areas!$B:$B,0)),"") -> 2084 | G13: =IFERROR(INDEX(Station_Click_Areas!$G:$G,MATCH(B13,Station_Click_Areas!$B:$B,0)),"") -> 1144 | H13: =IF(F13="","",F13/Config!$B$2*100) -> 40.703125 | I13: =IF(G13="","",G13/Config!$B$3*100) -> 39.722222 | J13: 12 | K13: bold | L13: center | M13: 0 | N13: default_from_click_area
... A241: =IF(OR(F241="",G241=""),"미작업","완료") -> 완료 | B241: 모란 | C241: 모란 | D241: 모란역 | E241: 8 | F241: =IFERROR(INDEX(Station_Click_Areas!$F:$F,MATCH(B241,Station_Click_Areas!$B:$B,0)),"") -> 3392 | G241: =IFERROR(INDEX(Station_Click_Areas!$G:$G,MATCH(B241,Station_Click_Areas!$B:$B,0)),"") -> 2652 | H241: =IF(F241="","",F241/Config!$B$2*100) -> 66.25 | I241: =IF(G241="","",G241/Config!$B$3*100) -> 92.083333 | J241: 10.5 | K241: normal | L241: center | M241: 0 | N241: default_from_click_area

Sheet Line_Sequences
A1: line_id | B1: branch_code | C1: path_order | D1: visual_node_id | E1: station_key | F1: station_name | G1: display_name | H1: is_branch_endpoint | I1: alias_or_note
A2: 1 | B2: main | C2: 1 | D2: 서울역_L1 | E2: 서울역 | F2: 서울역 | G2: 서울역 | H2: TRUE
A3: 1 | B3: main | C3: 2 | D3: 시청_L1 | E3: 시청 | F3: 시청 | G3: 시청역 | H3: FALSE
A4: 1 | B4: main | C4: 3 | D4: 종각_L1 | E4: 종각 | F4: 종각 | G4: 종각역 | H4: FALSE
A5: 1 | B5: main | C5: 4 | D5: 종로3가_L1 | E5: 종로3가 | F5: 종로3가 | G5: 종로3가역 | H5: FALSE
A6: 1 | B6: main | C6: 5 | D6: 종로5가_L1 | E6: 종로5가 | F6: 종로5가 | G6: 종로5가역 | H6: FALSE
A7: 1 | B7: main | C7: 6 | D7: 동대문_L1 | E7: 동대문 | F7: 동대문 | G7: 동대문역 | H7: FALSE
A8: 1 | B8: main | C8: 7 | D8: 동묘앞_L1 | E8: 동묘앞 | F8: 동묘앞 | G8: 동묘앞역 | H8: FALSE
A9: 1 | B9: main | C9: 8 | D9: 신설동_L1 | E9: 신설동 | F9: 신설동 | G9: 신설동역 | H9: FALSE
A10: 1 | B10: main | C10: 9 | D10: 제기동_L1 | E10: 제기동 | F10: 제기동 | G10: 제기동역 | H10: FALSE
A11: 1 | B11: main | C11: 10 | D11: 청량리_L1 | E11: 청량리 | F11: 청량리 | G11: 청량리역 | H11: TRUE | I11: 청량리(서울시립대입구)
A12: 2 | B12: main | C12: 1 | D12: 시청_L2 | E12: 시청 | F12: 시청 | G12: 시청역 | H12: TRUE
A13: 2 | B13: main | C13: 2 | D13: 을지로입구_L2 | E13: 을지로입구 | F13: 을지로입구 | G13: 을지로입구역 | H13: FALSE
A14: 2 | B14: main | C14: 3 | D14: 을지로3가_L2 | E14: 을지로3가 | F14: 을지로3가 | G14: 을지로3가역 | H14: FALSE
A15: 2 | B15: main | C15: 4 | D15: 을지로4가_L2 | E15: 을지로4가 | F15: 을지로4가 | G15: 을지로4가역 | H15: FALSE
A16: 2 | B16: main | C16: 5 | D16: 동대문역사문화공원_L2 | E16: 동대문역사문화공원 | F16: 동대문역사문화공원 | G16: 동대문역사문화공원역 | H16: FALSE | I16: 동대문역사문화공원(DDP)
A17: 2 | B17: main | C17: 6 | D17: 신당_L2 | E17: 신당 | F17: 신당 | G17: 신당역 | H17: FALSE
A18: 2 | B18: main | C18: 7 | D18: 상왕십리_L2 | E18: 상왕십리 | F18: 상왕십리 | G18: 상왕십리역 | H18: FALSE
A19: 2 | B19: main | C19: 8 | D19: 왕십리_L2 | E19: 왕십리 | F19: 왕십리 | G19: 왕십리역 | H19: FALSE
A20: 2 | B20: main | C20: 9 | D20: 한양대_L2 | E20: 한양대 | F20: 한양대 | G20: 한양대역 | H20: FALSE
A21: 2 | B21: main | C21: 10 | D21: 뚝섬_L2 | E21: 뚝섬 | F21: 뚝섬 | G21: 뚝섬역 | H21: FALSE
A22: 2 | B22: main | C22: 11 | D22: 성수_L2 | E22: 성수 | F22: 성수 | G22: 성수역 | H22: FALSE
A23: 2 | B23: main | C23: 12 | D23: 건대입구_L2 | E23: 건대입구 | F23: 건대입구 | G23: 건대입구역 | H23: FALSE
A24: 2 | B24: main | C24: 13 | D24: 구의_L2 | E24: 구의 | F24: 구의 | G24: 구의역 | H24: FALSE
A25: 2 | B25: main | C25: 14 | D25: 강변_L2 | E25: 강변 | F25: 강변 | G25: 강변역 | H25: FALSE
A26: 2 | B26: main | C26: 15 | D26: 잠실나루_L2 | E26: 잠실나루 | F26: 잠실나루 | G26: 잠실나루역 | H26: FALSE
A27: 2 | B27: main | C27: 16 | D27: 잠실_L2 | E27: 잠실 | F27: 잠실 | G27: 잠실역 | H27: FALSE
A28: 2 | B28: main | C28: 17 | D28: 잠실새내_L2 | E28: 잠실새내 | F28: 잠실새내 | G28: 잠실새내역 | H28: FALSE
... A72: 3 | B72: main | C72: 8 | D72: 독립문_L3 | E72: 독립문 | F72: 독립문 | G72: 독립문역 | H72: FALSE
A73: 3 | B73: main | C73: 9 | D73: 경복궁_L3 | E73: 경복궁 | F73: 경복궁 | G73: 경복궁역 | H73: FALSE | I73: 경복궁(정부서울청사)
A74: 3 | B74: main | C74: 10 | D74: 안국_L3 | E74: 안국 | F74: 안국 | G74: 안국역 | H74: FALSE
A75: 3 | B75: main | C75: 11 | D75: 종로3가_L3 | E75: 종로3가 | F75: 종로3가 | G75: 종로3가역 | H75: FALSE
A76: 3 | B76: main | C76: 12 | D76: 을지로3가_L3 | E76: 을지로3가 | F76: 을지로3가 | G76: 을지로3가역 | H76: FALSE
A77: 3 | B77: main | C77: 13 | D77: 충무로_L3 | E77: 충무로 | F77: 충무로 | G77: 충무로역 | H77: FALSE
A78: 3 | B78: main | C78: 14 | D78: 동대입구_L3 | E78: 동대입구 | F78: 동대입구 | G78: 동대입구역 | H78: FALSE
A79: 3 | B79: main | C79: 15 | D79: 약수_L3 | E79: 약수 | F79: 약수 | G79: 약수역 | H79: FALSE
A80: 3 | B80: main | C80: 16 | D80: 금호_L3 | E80: 금호 | F80: 금호 | G80: 금호역 | H80: FALSE
A81: 3 | B81: main | C81: 17 | D81: 옥수_L3 | E81: 옥수 | F81: 옥수 | G81: 옥수역 | H81: FALSE
A82: 3 | B82: main | C82: 18 | D82: 압구정_L3 | E82: 압구정 | F82: 압구정 | G82: 압구정역 | H82: FALSE
A83: 3 | B83: main | C83: 19 | D83: 신사_L3 | E83: 신사 | F83: 신사 | G83: 신사역 | H83: FALSE
A84: 3 | B84: main | C84: 20 | D84: 잠원_L3 | E84: 잠원 | F84: 잠원 | G84: 잠원역 | H84: FALSE
A85: 3 | B85: main | C85: 21 | D85: 고속터미널_L3 | E85: 고속터미널 | F85: 고속터미널 | G85: 고속터미널역 | H85: FALSE
... A98: 3 | B98: main | C98: 34 | D98: 오금_L3 | E98: 오금 | F98: 오금 | G98: 오금역 | H98: TRUE
A99: 4 | B99: main | C99: 1 | D99: 불암산_L4 | E99: 불암산 | F99: 불암산 | G99: 불암산역 | H99: TRUE | I99: 당고개
A100: 4 | B100: main | C100: 2 | D100: 상계_L4 | E100: 상계 | F100: 상계 | G100: 상계역 | H100: FALSE
A101: 4 | B101: main | C101: 3 | D101: 노원_L4 | E101: 노원 | F101: 노원 | G101: 노원역 | H101: FALSE
A102: 4 | B102: main | C102: 4 | D102: 창동_L4 | E102: 창동 | F102: 창동 | G102: 창동역 | H102: FALSE
A103: 4 | B103: main | C103: 5 | D103: 쌍문_L4 | E103: 쌍문 | F103: 쌍문 | G103: 쌍문역 | H103: FALSE
A104: 4 | B104: main | C104: 6 | D104: 수유_L4 | E104: 수유 | F104: 수유 | G104: 수유역 | H104: FALSE
A105: 4 | B105: main | C105: 7 | D105: 미아_L4 | E105: 미아 | F105: 미아 | G105: 미아역 | H105: FALSE
A106: 4 | B106: main | C106: 8 | D106: 미아사거리_L4 | E106: 미아사거리 | F106: 미아사거리 | G106: 미아사거리역 | H106: FALSE
A107: 4 | B107: main | C107: 9 | D107: 길음_L4 | E107: 길음 | F107: 길음 | G107: 길음역 | H107: FALSE
A108: 4 | B108: main | C108: 10 | D108: 성신여대입구_L4 | E108: 성신여대입구 | F108: 성신여대입구 | G108: 성신여대입구역 | H108: FALSE
A109: 4 | B109: main | C109: 11 | D109: 한성대입구_L4 | E109: 한성대입구 | F109: 한성대입구 | G109: 한성대입구역 | H109: FALSE
A110: 4 | B110: main | C110: 12 | D110: 혜화_L4 | E110: 혜화 | F110: 혜화 | G110: 혜화역 | H110: FALSE
A111: 4 | B111: main | C111: 13 | D111: 동대문_L4 | E111: 동대문 | F111: 동대문 | G111: 동대문역 | H111: FALSE
A112: 4 | B112: main | C112: 14 | D112: 동대문역사문화공원_L4 | E112: 동대문역사문화공원 | F112: 동대문역사문화공원 | G112: 동대문역사문화공원역 | H112: FALSE | I112: 동대문역사문화공원(DDP)
A113: 4 | B113: main | C113: 15 | D113: 충무로_L4 | E113: 충무로 | F113: 충무로 | G113: 충무로역 | H113: FALSE
A114: 4 | B114: main | C114: 16 | D114: 명동_L4 | E114: 명동 | F114: 명동 | G114: 명동역 | H114: FALSE
A115: 4 | B115: main | C115: 17 | D115: 회현_L4 | E115: 회현 | F115: 회현 | G115: 회현역 | H115: FALSE
A116: 4 | B116: main | C116: 18 | D116: 서울역_L4 | E116: 서울역 | F116: 서울역 | G116: 서울역 | H116: FALSE
A117: 4 | B117: main | C117: 19 | D117: 숙대입구_L4 | E117: 숙대입구 | F117: 숙대입구 | G117: 숙대입구역 | H117: FALSE | I117: 숙대입구(갈월)
A118: 4 | B118: main | C118: 20 | D118: 삼각지_L4 | E118: 삼각지 | F118: 삼각지 | G118: 삼각지역 | H118: FALSE
A119: 4 | B119: main | C119: 21 | D119: 신용산_L4 | E119: 신용산 | F119: 신용산 | G119: 신용산역 | H119: FALSE
A120: 4 | B120: main | C120: 22 | D120: 이촌_L4 | E120: 이촌 | F120: 이촌 | G120: 이촌역 | H120: FALSE
A121: 4 | B121: main | C121: 23 | D121: 동작_L4 | E121: 동작 | F121: 동작 | G121: 동작역 | H121: FALSE
A122: 4 | B122: main | C122: 24 | D122: 이수_L4 | E122: 이수 | F122: 이수 | G122: 이수역 | H122: FALSE | I122: 총신대입구(이수)
A123: 4 | B123: main | C123: 25 | D123: 사당_L4 | E123: 사당 | F123: 사당 | G123: 사당역 | H123: FALSE
A124: 4 | B124: main | C124: 26 | D124: 남태령_L4 | E124: 남태령 | F124: 남태령 | G124: 남태령역 | H124: TRUE
A125: 5 | B125: common | C125: 1 | D125: 방화_L5 | E125: 방화 | F125: 방화 | G125: 방화역 | H125: TRUE
A126: 5 | B126: common | C126: 2 | D126: 개화산_L5 | E126: 개화산 | F126: 개화산 | G126: 개화산역 | H126: FALSE
A127: 5 | B127: common | C127: 3 | D127: 김포공항_L5 | E127: 김포공항 | F127: 김포공항 | G127: 김포공항역 | H127: FALSE
A128: 5 | B128: common | C128: 4 | D128: 송정_L5 | E128: 송정 | F128: 송정 | G128: 송정역 | H128: FALSE
A129: 5 | B129: common | C129: 5 | D129: 마곡_L5 | E129: 마곡 | F129: 마곡 | G129: 마곡역 | H129: FALSE
A130: 5 | B130: common | C130: 6 | D130: 발산_L5 | E130: 발산 | F130: 발산 | G130: 발산역 | H130: FALSE
A131: 5 | B131: common | C131: 7 | D131: 우장산_L5 | E131: 우장산 | F131: 우장산 | G131: 우장산역 | H131: FALSE
A132: 5 | B132: common | C132: 8 | D132: 화곡_L5 | E132: 화곡 | F132: 화곡 | G132: 화곡역 | H132: FALSE
A133: 5 | B133: common | C133: 9 | D133: 까치산_L5 | E133: 까치산 | F133: 까치산 | G133: 까치산역 | H133: FALSE
A134: 5 | B134: common | C134: 10 | D134: 신정_L5 | E134: 신정 | F134: 신정 | G134: 신정역 | H134: FALSE
... A147: 5 | B147: common | C147: 23 | D147: 서대문_L5 | E147: 서대문 | F147: 서대문 | G147: 서대문역 | H147: FALSE
A148: 5 | B148: common | C148: 24 | D148: 광화문_L5 | E148: 광화문 | F148: 광화문 | G148: 광화문역 | H148: FALSE | I148: 광화문(세종문화회관)
A149: 5 | B149: common | C149: 25 | D149: 종로3가_L5 | E149: 종로3가 | F149: 종로3가 | G149: 종로3가역 | H149: FALSE
A150: 5 | B150: common | C150: 26 | D150: 을지로4가_L5 | E150: 을지로4가 | F150: 을지로4가 | G150: 을지로4가역 | H150: FALSE
A151: 5 | B151: common | C151: 27 | D151: 동대문역사문화공원_L5 | E151: 동대문역사문화공원 | F151: 동대문역사문화공원 | G151: 동대문역사문화공원역 | H151: FALSE | I151: 동대문역사문화공원(DDP)
A152: 5 | B152: common | C152: 28 | D152: 청구_L5 | E152: 청구 | F152: 청구 | G152: 청구역 | H152: FALSE
A153: 5 | B153: common | C153: 29 | D153: 신금호_L5 | E153: 신금호 | F153: 신금호 | G153: 신금호역 | H153: FALSE
A154: 5 | B154: common | C154: 30 | D154: 행당_L5 | E154: 행당 | F154: 행당 | G154: 행당역 | H154: FALSE
A155: 5 | B155: common | C155: 31 | D155: 왕십리_L5 | E155: 왕십리 | F155: 왕십리 | G155: 왕십리역 | H155: FALSE
A156: 5 | B156: common | C156: 32 | D156: 마장_L5 | E156: 마장 | F156: 마장 | G156: 마장역 | H156: FALSE
A157: 5 | B157: common | C157: 33 | D157: 답십리_L5 | E157: 답십리 | F157: 답십리 | G157: 답십리역 | H157: FALSE
A158: 5 | B158: common | C158: 34 | D158: 장한평_L5 | E158: 장한평 | F158: 장한평 | G158: 장한평역 | H158: FALSE
A159: 5 | B159: common | C159: 35 | D159: 군자_L5 | E159: 군자 | F159: 군자 | G159: 군자역 | H159: FALSE
A160: 5 | B160: common | C160: 36 | D160: 아차산_L5 | E160: 아차산 | F160: 아차산 | G160: 아차산역 | H160: FALSE
A161: 5 | B161: common | C161: 37 | D161: 광나루_L5 | E161: 광나루 | F161: 광나루 | G161: 광나루역 | H161: FALSE
A162: 5 | B162: common | C162: 38 | D162: 천호_L5 | E162: 천호 | F162: 천호 | G162: 천호역 | H162: FALSE
A163: 5 | B163: common | C163: 39 | D163: 강동_L5 | E163: 강동 | F163: 강동 | G163: 강동역 | H163: TRUE
... A172: 5 | B172: hanam_branch | C172: 9 | D172: 하남풍산_L5 | E172: 하남풍산 | F172: 하남풍산 | G172: 하남풍산역 | H172: FALSE
A173: 5 | B173: hanam_branch | C173: 10 | D173: 하남시청_L5 | E173: 하남시청 | F173: 하남시청 | G173: 하남시청역 | H173: FALSE | I173: 하남시청(덕풍·신장)
A174: 5 | B174: hanam_branch | C174: 11 | D174: 하남검단산_L5 | E174: 하남검단산 | F174: 하남검단산 | G174: 하남검단산역 | H174: TRUE
A175: 5 | B175: macheon_branch | C175: 1 | D175: 강동_L5 | E175: 강동 | F175: 강동 | G175: 강동역 | H175: TRUE
...

Sheet Transfer_Links
A1: station_key | B1: station_name | C1: from_line_id | D1: to_line_id | E1: from_visual_node_id | F1: to_visual_node_id | G1: transfer_style | H1: connector_visible | I1: connector_color | J1: memo
A2: 서울역 | B2: 서울역 | C2: 1 | D2: 4 | E2: 서울역_L1 | F2: 서울역_L4 | G2: connector | H2: TRUE | I2: #9CA3AF | J2: 지도 렌더링용 환승 연결선; 실제 환승 시간/거리 평가는 별도 환승 데이터 사용
A3: 시청 | B3: 시청 | C3: 1 | D3: 2 | E3: 시청_L1 | F3: 시청_L2 | G3: connector | H3: TRUE | I3: #9CA3AF | J3: 지도 렌더링용 환승 연결선; 실제 환승 시간/거리 평가는 별도 환승 데이터 사용
A4: 종로3가 | B4: 종로3가 | C4: 1 | D4: 3 | E4: 종로3가_L1 | F4: 종로3가_L3 | G4: connector | H4: TRUE | I4: #9CA3AF | J4: 지도 렌더링용 환승 연결선; 실제 환승 시간/거리 평가는 별도 환승 데이터 사용
A5: 종로3가 | B5: 종로3가 | C5: 1 | D5: 5 | E5: 종로3가_L1 | F5: 종로3가_L5 | G5: connector | H5: TRUE | I5: #9CA3AF | J5: 지도 렌더링용 환승 연결선; 실제 환승 시간/거리 평가는 별도 환승 데이터 사용
A6: 종로3가 | B6: 종로3가 | C6: 3 | D6: 5 | E6: 종로3가_L3 | F6: 종로3가_L5 | G6: connector | H6: TRUE | I6: #9CA3AF | J6: 지도 렌더링용 환승 연결선; 실제 환승 시간/거리 평가는 별도 환승 데이터 사용
A7: 동대문 | B7: 동대문 | C7: 1 | D7: 4 | E7: 동대문_L1 | F7: 동대문_L4 | G7: connector | H7: TRUE | I7: #9CA3AF | J7: 지도 렌더링용 환승 연결선; 실제 환승 시간/거리 평가는 별도 환승 데이터 사용
A8: 동묘앞 | B8: 동묘앞 | C8: 1 | D8: 6 | E8: 동묘앞_L1 | F8: 동묘앞_L6 | G8: connector | H8: TRUE | I8: #9CA3AF | J8: 지도 렌더링용 환승 연결선; 실제 환승 시간/거리 평가는 별도 환승 데이터 사용
A9: 신설동 | B9: 신설동 | C9: 1 | D9: 2 | E9: 신설동_L1 | F9: 신설동_L2 | G9: connector | H9: TRUE | I9: #9CA3AF | J9: 지도 렌더링용 환승 연결선; 실제 환승 시간/거리 평가는 별도 환승 데이터 사용
A10: 을지로3가 | B10: 을지로3가 | C10: 2 | D10: 3 | E10: 을지로3가_L2 | F10: 을지로3가_L3 | G10: connector | H10: TRUE | I10: #9CA3AF | J10: 지도 렌더링용 환승 연결선; 실제 환승 시간/거리 평가는 별도 환승 데이터 사용
A11: 을지로4가 | B11: 을지로4가 | C11: 2 | D11: 5 | E11: 을지로4가_L2 | F11: 을지로4가_L5 | G11: connector | H11: TRUE | I11: #9CA3AF | J11: 지도 렌더링용 환승 연결선; 실제 환승 시간/거리 평가는 별도 환승 데이터 사용
A12: 동대문역사문화공원 | B12: 동대문역사문화공원 | C12: 2 | D12: 4 | E12: 동대문역사문화공원_L2 | F12: 동대문역사문화공원_L4 | G12: connector | H12: TRUE | I12: #9CA3AF | J12: 지도 렌더링용 환승 연결선; 실제 환승 시간/거리 평가는 별도 환승 데이터 사용
A13: 동대문역사문화공원 | B13: 동대문역사문화공원 | C13: 2 | D13: 5 | E13: 동대문역사문화공원_L2 | F13: 동대문역사문화공원_L5 | G13: connector | H13: TRUE | I13: #9CA3AF | J13: 지도 렌더링용 환승 연결선; 실제 환승 시간/거리 평가는 별도 환승 데이터 사용
... A40: 태릉입구 | B40: 태릉입구 | C40: 6 | D40: 7 | E40: 태릉입구_L6 | F40: 태릉입구_L7 | G40: connector | H40: TRUE | I40: #9CA3AF | J40: 지도 렌더링용 환승 연결선; 실제 환승 시간/거리 평가는 별도 환승 데이터 사용

Sheet Map_Layer_Order
A1: layer_order | B1: layer_name | C1: source_sheet | D1: render_object | E1: note
A2: 1 | B2: line_paths | C2: Line_Sequences + Station_Visual_Nodes | D2: polyline/path | E2: 노선별 visual_node_id 좌표를 path_order 순서로 연결
A3: 2 | B3: transfer_connectors | C3: Transfer_Links | D3: line/path | E3: 환승역의 노선별 visual node를 얇은 회색 연결선으로 연결
A4: 3 | B4: station_markers | C4: Station_Visual_Nodes | D4: circle | E4: 지도에 보이는 역 점. 환승역은 노선별로 여러 점 가능
A5: 4 | B5: station_labels | C5: Station_Labels | D5: text | E5: 역명 라벨. station_key 기준으로 역당 1개 권장
A6: 5 | B6: route_highlight | C6: routing result | D6: path overlay | E6: 추천 경로 구간만 굵게 강조
A7: 6 | B7: origin_destination_highlight | C7: session_state | D7: halo/circle | E7: 출발역/도착역 강조
A8: 7 | B8: click_hitboxes | C8: Station_Click_Areas | D8: transparent circle | E8: 사용자 클릭 판정. 보이는 점보다 큰 투명 영역

Sheet Project_Scope
A1: line_id | B1: branch_code | C1: start_station | D1: end_station | E1: project_range | F1: note
A2: 1 | B2: main | C2: 서울역 | D2: 청량리 | E2: 서울역~청량리역 | F2: 서울교통공사 1호선 도심 구간
A3: 2 | B3: main | C3: 전구간 | D3: 전구간 | E3: 순환선 전구간 | F3: 성수지선·신정지선은 별도 branch row로 관리
A4: 2 | B4: seongsu_branch | C4: 성수 | D4: 신설동 | E4: 성수~신설동 | F4: 성수지선
A5: 2 | B5: sinjeong_branch | C5: 신도림 | D5: 까치산 | E5: 신도림~까치산 | F5: 신정지선
A6: 3 | B6: main | C6: 지축 | D6: 오금 | E6: 지축역~오금역
A7: 4 | B7: main | C7: 불암산 | D7: 남태령 | E7: 불암산역~남태령역 | F7: 불암산=구 당고개
A8: 5 | B8: common | C8: 방화 | D8: 강동 | E8: 방화역~강동역 | F8: 하남/마천 분기 전 공통 구간
A9: 5 | B9: hanam_branch | C9: 강동 | D9: 하남검단산 | E9: 강동역~하남검단산역
A10: 5 | B10: macheon_branch | C10: 강동 | D10: 마천 | E10: 강동역~마천역
A11: 6 | B11: main | C11: 응암 | D11: 신내 | E11: 응암역~신내역 | F11: 응암순환 구조는 노선도/라우팅에서 별도 주의
A12: 7 | B12: main | C12: 장암 | D12: 온수 | E12: 장암역~온수역
A13: 8 | B13: main | C13: 암사역사공원 | D13: 모란 | E13: 암사역사공원역~모란역 | F13: 남위례 포함

Sheet AI_Handoff_Prompt
A1: 이 파일은 MetroCalm 벡터형 클릭 노선도 제작용 좌표 워크북입니다.
A2: 핵심 구조: Station_Display_Master=사용자 선택용 역 단위, Station_Visual_Nodes=노선별 지도 렌더링 좌표, Station_Click_Areas=투명 클릭 hitbox, Station_Labels=역명 좌표, Line_Sequences=노선 연결 순서, Transfer_Links=환승 연결선.
A3: Station_Visual_Nodes의 x_px, y_px가 최우선 수작업 입력 대상입니다. 환승역은 노선별 visual_node_id 좌표를 분리해서 선이 겹치지 않게 합니다.
A4: Station_Click_Areas는 visual node 평균 좌표로 자동 생성되며, 복잡한 환승역만 click_x_px, click_y_px, click_radius_px를 수동 보정합니다. 클릭 영역은 보이지 않는 투명 원으로 최상단에 둡니다.
A5: Station_Labels는 station_key 기준으로 역명을 한 번만 표시합니다. label 좌표는 자동값을 시작점으로 쓰고, 겹치는 역명만 수동 보정합니다.
A6: 사용자 클릭/입력은 station_key 기준입니다. 지도 렌더링은 visual_node_id 기준입니다. 내부 라우팅은 기존 station_uid 기준입니다. 사용자 화면에 station_uid와 visual_node_id를 노출하지 않습니다.
A7: SVG로 만들 경우 viewBox="0 0 4900 2757"을 기본 좌표계로 사용하고, x_px/y_px를 그대로 circle/path/text 좌표로 사용합니다. 이미지 크기 변경 시 Config 값을 기준으로 pct 좌표를 재계산합니다.
A8: Line_Sequences는 visual_node_id를 path_order 순서로 이어 노선 path를 만듭니다. Transfer_Links는 같은 station_key의 서로 다른 line visual node를 얇은 connector로 연결합니다.
A9: 추천 경로가 나오면 station_uid path를 station_key/visual_node_id path로 변환하고, 해당 Line_Sequences segment를 굵은 overlay로 highlight합니다.
A10: 서울역→강남역 regression test: 서울역은 1호선/4호선 후보를 모두 비교하며, 최초 노선 선택은 환승으로 계산하지 않습니다.

Sheet Sources
A1: source_name | B1: url | C1: usage_note
A2: 서울교통공사_자치구별지하철역정보 | B2: https://www.data.go.kr/data/15081868/fileData.do | C2: 서울교통공사 관리 역 정보의 공식 공공데이터. 역명/호선 검증 참고.
A3: 서울교통공사_역간거리 | B3: https://data.seoul.go.kr/dataList/OA-12034/S/1/datasetView.do | C3: 서울교통공사 1~8호선 역간 거리 및 소요시간 데이터. 노선 순서/연결 검증 참고.
A4: 사용자 지정 프로젝트 범위 | B4: 현재 대화에서 사용자가 제공한 프로젝트 구간 | C4: 본 워크북은 사용자가 제공한 MetroCalm 프로젝트 범위에 맞춰 역 목록을 정리함.
A5: workbook_basis | B5: previous metrocalm_project_station_click_points.xlsx | C5: 프로젝트 구간 역 목록과 Line_Sequences를 기반으로 재구성
A6: coordinate_image_basis | B6: user-provided 4900x2757 subway map reference | C6: 좌표 입력 기준 이미지 크기
